date,series_id,value,realtime_start,realtime_end,state,variable
2000-01-01,ALPOP,4452.173,2026-09-29,2026-09-29,AL,population
2001-01-01,ALPOP,4467.634,2026-09-29,2026-09-29,AL,population
2002-01-01,ALPOP,4480.089,2026-09-29,2026-09-29,AL,population
2003-01-01,ALPOP,4503.491,2026-09-29,2026-09-29,AL,population
2004-01-01,ALPOP,4530.729,2026-09-29,2026-09-29,AL,population
2005-01-01,ALPOP,4569.805,2026-09-29,2026-09-29,AL,population
2006-01-01,ALPOP,4628.981,2026-09-29,2026-09-29,AL,population
2007-01-01,ALPOP,4672.84,2026-09-29,2026-09-29,AL,population
2008-01-01,ALPOP,4718.206,2026-09-29,2026-09-29,AL,population
2009-01-01,ALPOP,4757.938,2026-09-29,2026-09-29,AL,population
2010-01-01,ALPOP,4785.514,2026-09-29,2026-09-29,AL,population
2011-01-01,ALPOP,4799.642,2026-09-29,2026-09-29,AL,population
2012-01-01,ALPOP,4816.632,2026-09-29,2026-09-29,AL,population
2013-01-01,ALPOP,4831.586,2026-09-29,2026-09-29,AL,population
2014-01-01,ALPOP,4843.737,2026-09-29,2026-09-29,AL,population
2015-01-01,ALPOP,4854.803,2026-09-29,2026-09-29,AL,population
2016-01-01,ALPOP,4866.824,2026-09-29,2026-09-29,AL,population
2017-01-01,ALPOP,4877.989,2026-09-29,2026-09-29,AL,population
2018-01-01,ALPOP,4891.628,2026-09-29,2026-09-29,AL,population
2019-01-01,ALPOP,4907.965,2026-09-29,2026-09-29,AL,population
2020-01-01,ALPOP,5032.962,2026-09-29,2026-09-29,AL,population
2021-01-01,ALPOP,5050.058,2026-09-29,2026-09-29,AL,population
2022-01-01,ALPOP,5076.868,2026-09-29,2026-09-29,AL,population
2023-01-01,ALPOP,5117.85,2026-09-29,2026-09-29,AL,population
2024-01-01,ALPOP,5163.055,2026-09-29,2026-09-29,AL,population
2025-01-01,ALPOP,5193.088,2026-09-29,2026-09-29,AL,population
2000-01-01,AKPOP,627.963,2026-09-29,2026-09-29,AK,population
2001-01-01,AKPOP,633.714,2026-09-29,2026-09-29,AK,population
2002-01-01,AKPOP,642.337,2026-09-29,2026-09-29,AK,population
2003-01-01,AKPOP,648.414,2026-09-29,2026-09-29,AK,population
2004-01-01,AKPOP,659.286,2026-09-29,2026-09-29,AK,population
2005-01-01,AKPOP,666.946,2026-09-29,2026-09-29,AK,population
2006-01-01,AKPOP,675.302,2026-09-29,2026-09-29,AK,population
2007-01-01,AKPOP,680.3,2026-09-29,2026-09-29,AK,population
2008-01-01,AKPOP,687.455,2026-09-29,2026-09-29,AK,population
2009-01-01,AKPOP,698.895,2026-09-29,2026-09-29,AK,population
2010-01-01,AKPOP,713.982,2026-09-29,2026-09-29,AK,population
2011-01-01,AKPOP,722.349,2026-09-29,2026-09-29,AK,population
2012-01-01,AKPOP,730.81,2026-09-29,2026-09-29,AK,population
2013-01-01,AKPOP,737.626,2026-09-29,2026-09-29,AK,population
2014-01-01,AKPOP,737.075,2026-09-29,2026-09-29,AK,population
2015-01-01,AKPOP,738.43,2026-09-29,2026-09-29,AK,population
2016-01-01,AKPOP,742.575,2026-09-29,2026-09-29,AK,population
2017-01-01,AKPOP,740.983,2026-09-29,2026-09-29,AK,population
2018-01-01,AKPOP,736.624,2026-09-29,2026-09-29,AK,population
2019-01-01,AKPOP,733.603,2026-09-29,2026-09-29,AK,population
2020-01-01,AKPOP,732.906,2026-09-29,2026-09-29,AK,population
2021-01-01,AKPOP,734.59,2026-09-29,2026-09-29,AK,population
2022-01-01,AKPOP,733.659,2026-09-29,2026-09-29,AK,population
2023-01-01,AKPOP,734.654,2026-09-29,2026-09-29,AK,population
2024-01-01,AKPOP,736.537,2026-09-29,2026-09-29,AK,population
2025-01-01,AKPOP,737.27,2026-09-29,2026-09-29,AK,population
2000-01-01,AZPOP,5160.586,2026-09-29,2026-09-29,AZ,population
2001-01-01,AZPOP,5273.477,2026-09-29,2026-09-29,AZ,population
2002-01-01,AZPOP,5396.255,2026-09-29,2026-09-29,AZ,population
2003-01-01,AZPOP,5510.364,2026-09-29,2026-09-29,AZ,population
2004-01-01,AZPOP,5652.404,2026-09-29,2026-09-29,AZ,population
2005-01-01,AZPOP,5839.077,2026-09-29,2026-09-29,AZ,population
2006-01-01,AZPOP,6029.141,2026-09-29,2026-09-29,AZ,population
2007-01-01,AZPOP,6167.681,2026-09-29,2026-09-29,AZ,population
2008-01-01,AZPOP,6280.362,2026-09-29,2026-09-29,AZ,population
2009-01-01,AZPOP,6343.154,2026-09-29,2026-09-29,AZ,population
2010-01-01,AZPOP,6407.342,2026-09-29,2026-09-29,AZ,population
2011-01-01,AZPOP,6473.416,2026-09-29,2026-09-29,AZ,population
2012-01-01,AZPOP,6556.344,2026-09-29,2026-09-29,AZ,population
2013-01-01,AZPOP,6634.69,2026-09-29,2026-09-29,AZ,population
2014-01-01,AZPOP,6732.873,2026-09-29,2026-09-29,AZ,population
2015-01-01,AZPOP,6832.81,2026-09-29,2026-09-29,AZ,population
2016-01-01,AZPOP,6944.767,2026-09-29,2026-09-29,AZ,population
2017-01-01,AZPOP,7048.088,2026-09-29,2026-09-29,AZ,population
2018-01-01,AZPOP,7164.228,2026-09-29,2026-09-29,AZ,population
2019-01-01,AZPOP,7291.843,2026-09-29,2026-09-29,AZ,population
2020-01-01,AZPOP,7186.647,2026-09-29,2026-09-29,AZ,population
2021-01-01,AZPOP,7274.022,2026-09-29,2026-09-29,AZ,population
2022-01-01,AZPOP,7370.065,2026-09-29,2026-09-29,AZ,population
2023-01-01,AZPOP,7452.073,2026-09-29,2026-09-29,AZ,population
2024-01-01,AZPOP,7556.424,2026-09-29,2026-09-29,AZ,population
2025-01-01,AZPOP,7623.818,2026-09-29,2026-09-29,AZ,population
2000-01-01,ARPOP,2678.588,2026-09-29,2026-09-29,AR,population
2001-01-01,ARPOP,2691.571,2026-09-29,2026-09-29,AR,population
2002-01-01,ARPOP,2705.927,2026-09-29,2026-09-29,AR,population
2003-01-01,ARPOP,2724.816,2026-09-29,2026-09-29,AR,population
2004-01-01,ARPOP,2749.686,2026-09-29,2026-09-29,AR,population
2005-01-01,ARPOP,2781.097,2026-09-29,2026-09-29,AR,population
2006-01-01,ARPOP,2821.761,2026-09-29,2026-09-29,AR,population
2007-01-01,ARPOP,2848.65,2026-09-29,2026-09-29,AR,population
2008-01-01,ARPOP,2874.554,2026-09-29,2026-09-29,AR,population
2009-01-01,ARPOP,2896.843,2026-09-29,2026-09-29,AR,population
2010-01-01,ARPOP,2921.998,2026-09-29,2026-09-29,AR,population
2011-01-01,ARPOP,2941.038,2026-09-29,2026-09-29,AR,population
2012-01-01,ARPOP,2952.876,2026-09-29,2026-09-29,AR,population
2013-01-01,ARPOP,2960.459,2026-09-29,2026-09-29,AR,population
2014-01-01,ARPOP,2968.759,2026-09-29,2026-09-29,AR,population
2015-01-01,ARPOP,2979.732,2026-09-29,2026-09-29,AR,population
2016-01-01,ARPOP,2991.815,2026-09-29,2026-09-29,AR,population
2017-01-01,ARPOP,3003.855,2026-09-29,2026-09-29,AR,population
2018-01-01,ARPOP,3012.161,2026-09-29,2026-09-29,AR,population
2019-01-01,ARPOP,3020.985,2026-09-29,2026-09-29,AR,population
2020-01-01,ARPOP,3014.399,2026-09-29,2026-09-29,AR,population
2021-01-01,ARPOP,3027.127,2026-09-29,2026-09-29,AR,population
2022-01-01,ARPOP,3047.429,2026-09-29,2026-09-29,AR,population
2023-01-01,ARPOP,3069.856,2026-09-29,2026-09-29,AR,population
2024-01-01,ARPOP,3096.08,2026-09-29,2026-09-29,AR,population
2025-01-01,ARPOP,3114.791,2026-09-29,2026-09-29,AR,population
2000-01-01,CAPOP,33987.977,2026-09-29,2026-09-29,CA,population
2001-01-01,CAPOP,34479.458,2026-09-29,2026-09-29,CA,population
2002-01-01,CAPOP,34871.843,2026-09-29,2026-09-29,CA,population
2003-01-01,CAPOP,35253.159,2026-09-29,2026-09-29,CA,population
2004-01-01,CAPOP,35574.576,2026-09-29,2026-09-29,CA,population
2005-01-01,CAPOP,35827.943,2026-09-29,2026-09-29,CA,population
2006-01-01,CAPOP,36021.202,2026-09-29,2026-09-29,CA,population
2007-01-01,CAPOP,36250.311,2026-09-29,2026-09-29,CA,population
2008-01-01,CAPOP,36604.337,2026-09-29,2026-09-29,CA,population
2009-01-01,CAPOP,36961.229,2026-09-29,2026-09-29,CA,population
2010-01-01,CAPOP,37319.55,2026-09-29,2026-09-29,CA,population
2011-01-01,CAPOP,37636.311,2026-09-29,2026-09-29,CA,population
2012-01-01,CAPOP,37944.551,2026-09-29,2026-09-29,CA,population
2013-01-01,CAPOP,38253.768,2026-09-29,2026-09-29,CA,population
2014-01-01,CAPOP,38586.706,2026-09-29,2026-09-29,CA,population
2015-01-01,CAPOP,38904.296,2026-09-29,2026-09-29,CA,population
2016-01-01,CAPOP,39149.186,2026-09-29,2026-09-29,CA,population
2017-01-01,CAPOP,39337.785,2026-09-29,2026-09-29,CA,population
2018-01-01,CAPOP,39437.463,2026-09-29,2026-09-29,CA,population
2019-01-01,CAPOP,39437.61,2026-09-29,2026-09-29,CA,population
2020-01-01,CAPOP,39527.808,2026-09-29,2026-09-29,CA,population
2021-01-01,CAPOP,39152.927,2026-09-29,2026-09-29,CA,population
2022-01-01,CAPOP,39125.347,2026-09-29,2026-09-29,CA,population
2023-01-01,CAPOP,39181.667,2026-09-29,2026-09-29,CA,population
2024-01-01,CAPOP,39364.774,2026-09-29,2026-09-29,CA,population
2025-01-01,CAPOP,39355.309,2026-09-29,2026-09-29,CA,population
2000-01-01,COPOP,4326.921,2026-09-29,2026-09-29,CO,population
2001-01-01,COPOP,4425.687,2026-09-29,2026-09-29,CO,population
2002-01-01,COPOP,4490.406,2026-09-29,2026-09-29,CO,population
2003-01-01,COPOP,4528.732,2026-09-29,2026-09-29,CO,population
2004-01-01,COPOP,4575.013,2026-09-29,2026-09-29,CO,population
2005-01-01,COPOP,4631.888,2026-09-29,2026-09-29,CO,population
2006-01-01,COPOP,4720.423,2026-09-29,2026-09-29,CO,population
2007-01-01,COPOP,4803.868,2026-09-29,2026-09-29,CO,population
2008-01-01,COPOP,4889.73,2026-09-29,2026-09-29,CO,population
2009-01-01,COPOP,4972.195,2026-09-29,2026-09-29,CO,population
2010-01-01,COPOP,5047.539,2026-09-29,2026-09-29,CO,population
2011-01-01,COPOP,5121.9,2026-09-29,2026-09-29,CO,population
2012-01-01,COPOP,5193.66,2026-09-29,2026-09-29,CO,population
2013-01-01,COPOP,5270.774,2026-09-29,2026-09-29,CO,population
2014-01-01,COPOP,5352.637,2026-09-29,2026-09-29,CO,population
2015-01-01,COPOP,5454.328,2026-09-29,2026-09-29,CO,population
2016-01-01,COPOP,5543.844,2026-09-29,2026-09-29,CO,population
2017-01-01,COPOP,5617.421,2026-09-29,2026-09-29,CO,population
2018-01-01,COPOP,5697.155,2026-09-29,2026-09-29,CO,population
2019-01-01,COPOP,5758.486,2026-09-29,2026-09-29,CO,population
2020-01-01,COPOP,5786.873,2026-09-29,2026-09-29,CO,population
2021-01-01,COPOP,5814.368,2026-09-29,2026-09-29,CO,population
2022-01-01,COPOP,5853.355,2026-09-29,2026-09-29,CO,population
2023-01-01,COPOP,5912.24,2026-09-29,2026-09-29,CO,population
2024-01-01,COPOP,5988.502,2026-09-29,2026-09-29,CO,population
2025-01-01,COPOP,6012.561,2026-09-29,2026-09-29,CO,population
2000-01-01,CTPOP,3411.777,2026-09-29,2026-09-29,CT,population
2001-01-01,CTPOP,3432.835,2026-09-29,2026-09-29,CT,population
2002-01-01,CTPOP,3458.749,2026-09-29,2026-09-29,CT,population
2003-01-01,CTPOP,3484.336,2026-09-29,2026-09-29,CT,population
2004-01-01,CTPOP,3496.094,2026-09-29,2026-09-29,CT,population
2005-01-01,CTPOP,3506.956,2026-09-29,2026-09-29,CT,population
2006-01-01,CTPOP,3517.46,2026-09-29,2026-09-29,CT,population
2007-01-01,CTPOP,3527.27,2026-09-29,2026-09-29,CT,population
2008-01-01,CTPOP,3545.579,2026-09-29,2026-09-29,CT,population
2009-01-01,CTPOP,3561.807,2026-09-29,2026-09-29,CT,population
2010-01-01,CTPOP,3579.173,2026-09-29,2026-09-29,CT,population
2011-01-01,CTPOP,3588.632,2026-09-29,2026-09-29,CT,population
2012-01-01,CTPOP,3595.211,2026-09-29,2026-09-29,CT,population
2013-01-01,CTPOP,3595.792,2026-09-29,2026-09-29,CT,population
2014-01-01,CTPOP,3595.697,2026-09-29,2026-09-29,CT,population
2015-01-01,CTPOP,3588.561,2026-09-29,2026-09-29,CT,population
2016-01-01,CTPOP,3579.83,2026-09-29,2026-09-29,CT,population
2017-01-01,CTPOP,3575.324,2026-09-29,2026-09-29,CT,population
2018-01-01,CTPOP,3574.561,2026-09-29,2026-09-29,CT,population
2019-01-01,CTPOP,3566.022,2026-09-29,2026-09-29,CT,population
2020-01-01,CTPOP,3579.643,2026-09-29,2026-09-29,CT,population
2021-01-01,CTPOP,3607.765,2026-09-29,2026-09-29,CT,population
2022-01-01,CTPOP,3618.707,2026-09-29,2026-09-29,CT,population
2023-01-01,CTPOP,3641.369,2026-09-29,2026-09-29,CT,population
2024-01-01,CTPOP,3674.449,2026-09-29,2026-09-29,CT,population
2025-01-01,CTPOP,3688.496,2026-09-29,2026-09-29,CT,population
2000-01-01,DEPOP,786.373,2026-09-29,2026-09-29,DE,population
2001-01-01,DEPOP,795.699,2026-09-29,2026-09-29,DE,population
2002-01-01,DEPOP,806.169,2026-09-29,2026-09-29,DE,population
2003-01-01,DEPOP,818.003,2026-09-29,2026-09-29,DE,population
2004-01-01,DEPOP,830.803,2026-09-29,2026-09-29,DE,population
2005-01-01,DEPOP,845.15,2026-09-29,2026-09-29,DE,population
2006-01-01,DEPOP,859.268,2026-09-29,2026-09-29,DE,population
2007-01-01,DEPOP,871.749,2026-09-29,2026-09-29,DE,population
2008-01-01,DEPOP,883.874,2026-09-29,2026-09-29,DE,population
2009-01-01,DEPOP,891.73,2026-09-29,2026-09-29,DE,population
2010-01-01,DEPOP,899.647,2026-09-29,2026-09-29,DE,population
2011-01-01,DEPOP,907.59,2026-09-29,2026-09-29,DE,population
2012-01-01,DEPOP,915.518,2026-09-29,2026-09-29,DE,population
2013-01-01,DEPOP,924.062,2026-09-29,2026-09-29,DE,population
2014-01-01,DEPOP,933.131,2026-09-29,2026-09-29,DE,population
2015-01-01,DEPOP,942.065,2026-09-29,2026-09-29,DE,population
2016-01-01,DEPOP,949.989,2026-09-29,2026-09-29,DE,population
2017-01-01,DEPOP,957.942,2026-09-29,2026-09-29,DE,population
2018-01-01,DEPOP,966.985,2026-09-29,2026-09-29,DE,population
2019-01-01,DEPOP,976.668,2026-09-29,2026-09-29,DE,population
2020-01-01,DEPOP,991.89,2026-09-29,2026-09-29,DE,population
2021-01-01,DEPOP,1005.13,2026-09-29,2026-09-29,DE,population
2022-01-01,DEPOP,1020.279,2026-09-29,2026-09-29,DE,population
2023-01-01,DEPOP,1035.354,2026-09-29,2026-09-29,DE,population
2024-01-01,DEPOP,1050.123,2026-09-29,2026-09-29,DE,population
2025-01-01,DEPOP,1059.952,2026-09-29,2026-09-29,DE,population
2000-01-01,DCPOP,572.046,2026-09-29,2026-09-29,DC,population
2001-01-01,DCPOP,574.504,2026-09-29,2026-09-29,DC,population
2002-01-01,DCPOP,573.158,2026-09-29,2026-09-29,DC,population
2003-01-01,DCPOP,568.502,2026-09-29,2026-09-29,DC,population
2004-01-01,DCPOP,567.754,2026-09-29,2026-09-29,DC,population
2005-01-01,DCPOP,567.136,2026-09-29,2026-09-29,DC,population
2006-01-01,DCPOP,570.681,2026-09-29,2026-09-29,DC,population
2007-01-01,DCPOP,574.404,2026-09-29,2026-09-29,DC,population
2008-01-01,DCPOP,580.236,2026-09-29,2026-09-29,DC,population
2009-01-01,DCPOP,592.228,2026-09-29,2026-09-29,DC,population
2010-01-01,DCPOP,605.282,2026-09-29,2026-09-29,DC,population
2011-01-01,DCPOP,620.29,2026-09-29,2026-09-29,DC,population
2012-01-01,DCPOP,635.737,2026-09-29,2026-09-29,DC,population
2013-01-01,DCPOP,651.559,2026-09-29,2026-09-29,DC,population
2014-01-01,DCPOP,663.603,2026-09-29,2026-09-29,DC,population
2015-01-01,DCPOP,677.014,2026-09-29,2026-09-29,DC,population
2016-01-01,DCPOP,687.576,2026-09-29,2026-09-29,DC,population
2017-01-01,DCPOP,697.079,2026-09-29,2026-09-29,DC,population
2018-01-01,DCPOP,704.147,2026-09-29,2026-09-29,DC,population
2019-01-01,DCPOP,708.253,2026-09-29,2026-09-29,DC,population
2020-01-01,DCPOP,670.958,2026-09-29,2026-09-29,DC,population
2021-01-01,DCPOP,669.637,2026-09-29,2026-09-29,DC,population
2022-01-01,DCPOP,674.501,2026-09-29,2026-09-29,DC,population
2023-01-01,DCPOP,682.559,2026-09-29,2026-09-29,DC,population
2024-01-01,DCPOP,691.31,2026-09-29,2026-09-29,DC,population
2025-01-01,DCPOP,693.645,2026-09-29,2026-09-29,DC,population
2000-01-01,FLPOP,16047.515,2026-09-29,2026-09-29,FL,population
2001-01-01,FLPOP,16356.966,2026-09-29,2026-09-29,FL,population
2002-01-01,FLPOP,16689.37,2026-09-29,2026-09-29,FL,population
2003-01-01,FLPOP,17004.085,2026-09-29,2026-09-29,FL,population
2004-01-01,FLPOP,17415.318,2026-09-29,2026-09-29,FL,population
2005-01-01,FLPOP,17842.038,2026-09-29,2026-09-29,FL,population
2006-01-01,FLPOP,18166.99,2026-09-29,2026-09-29,FL,population
2007-01-01,FLPOP,18367.842,2026-09-29,2026-09-29,FL,population
2008-01-01,FLPOP,18527.305,2026-09-29,2026-09-29,FL,population
2009-01-01,FLPOP,18652.644,2026-09-29,2026-09-29,FL,population
2010-01-01,FLPOP,18846.143,2026-09-29,2026-09-29,FL,population
2011-01-01,FLPOP,19055.607,2026-09-29,2026-09-29,FL,population
2012-01-01,FLPOP,19302.016,2026-09-29,2026-09-29,FL,population
2013-01-01,FLPOP,19551.678,2026-09-29,2026-09-29,FL,population
2014-01-01,FLPOP,19853.88,2026-09-29,2026-09-29,FL,population
2015-01-01,FLPOP,20219.111,2026-09-29,2026-09-29,FL,population
2016-01-01,FLPOP,20627.237,2026-09-29,2026-09-29,FL,population
2017-01-01,FLPOP,20977.089,2026-09-29,2026-09-29,FL,population
2018-01-01,FLPOP,21254.926,2026-09-29,2026-09-29,FL,population
2019-01-01,FLPOP,21492.056,2026-09-29,2026-09-29,FL,population
2020-01-01,FLPOP,21591.325,2026-09-29,2026-09-29,FL,population
2021-01-01,FLPOP,21836.698,2026-09-29,2026-09-29,FL,population
2022-01-01,FLPOP,22413.989,2026-09-29,2026-09-29,FL,population
2023-01-01,FLPOP,22929.248,2026-09-29,2026-09-29,FL,population
2024-01-01,FLPOP,23265.838,2026-09-29,2026-09-29,FL,population
2025-01-01,FLPOP,23462.518,2026-09-29,2026-09-29,FL,population
2000-01-01,GAPOP,8227.303,2026-09-29,2026-09-29,GA,population
2001-01-01,GAPOP,8377.038,2026-09-29,2026-09-29,GA,population
2002-01-01,GAPOP,8508.256,2026-09-29,2026-09-29,GA,population
2003-01-01,GAPOP,8622.793,2026-09-29,2026-09-29,GA,population
2004-01-01,GAPOP,8769.252,2026-09-29,2026-09-29,GA,population
2005-01-01,GAPOP,8925.922,2026-09-29,2026-09-29,GA,population
2006-01-01,GAPOP,9155.813,2026-09-29,2026-09-29,GA,population
2007-01-01,GAPOP,9349.988,2026-09-29,2026-09-29,GA,population
2008-01-01,GAPOP,9504.843,2026-09-29,2026-09-29,GA,population
2009-01-01,GAPOP,9620.846,2026-09-29,2026-09-29,GA,population
2010-01-01,GAPOP,9712.209,2026-09-29,2026-09-29,GA,population
2011-01-01,GAPOP,9803.63,2026-09-29,2026-09-29,GA,population
2012-01-01,GAPOP,9903.58,2026-09-29,2026-09-29,GA,population
2013-01-01,GAPOP,9975.592,2026-09-29,2026-09-29,GA,population
2014-01-01,GAPOP,10071.204,2026-09-29,2026-09-29,GA,population
2015-01-01,GAPOP,10183.353,2026-09-29,2026-09-29,GA,population
2016-01-01,GAPOP,10308.442,2026-09-29,2026-09-29,GA,population
2017-01-01,GAPOP,10417.031,2026-09-29,2026-09-29,GA,population
2018-01-01,GAPOP,10519.389,2026-09-29,2026-09-29,GA,population
2019-01-01,GAPOP,10628.02,2026-09-29,2026-09-29,GA,population
2020-01-01,GAPOP,10732.595,2026-09-29,2026-09-29,GA,population
2021-01-01,GAPOP,10793.038,2026-09-29,2026-09-29,GA,population
2022-01-01,GAPOP,10929.992,2026-09-29,2026-09-29,GA,population
2023-01-01,GAPOP,11063.669,2026-09-29,2026-09-29,GA,population
2024-01-01,GAPOP,11204.208,2026-09-29,2026-09-29,GA,population
2025-01-01,GAPOP,11302.748,2026-09-29,2026-09-29,GA,population
2000-01-01,HIPOP,1213.519,2026-09-29,2026-09-29,HI,population
2001-01-01,HIPOP,1225.948,2026-09-29,2026-09-29,HI,population
2002-01-01,HIPOP,1239.613,2026-09-29,2026-09-29,HI,population
2003-01-01,HIPOP,1251.154,2026-09-29,2026-09-29,HI,population
2004-01-01,HIPOP,1273.569,2026-09-29,2026-09-29,HI,population
2005-01-01,HIPOP,1292.729,2026-09-29,2026-09-29,HI,population
2006-01-01,HIPOP,1309.731,2026-09-29,2026-09-29,HI,population
2007-01-01,HIPOP,1315.675,2026-09-29,2026-09-29,HI,population
2008-01-01,HIPOP,1332.213,2026-09-29,2026-09-29,HI,population
2009-01-01,HIPOP,1346.717,2026-09-29,2026-09-29,HI,population
2010-01-01,HIPOP,1364.004,2026-09-29,2026-09-29,HI,population
2011-01-01,HIPOP,1379.562,2026-09-29,2026-09-29,HI,population
2012-01-01,HIPOP,1395.199,2026-09-29,2026-09-29,HI,population
2013-01-01,HIPOP,1408.822,2026-09-29,2026-09-29,HI,population
2014-01-01,HIPOP,1415.335,2026-09-29,2026-09-29,HI,population
2015-01-01,HIPOP,1422.999,2026-09-29,2026-09-29,HI,population
2016-01-01,HIPOP,1428.885,2026-09-29,2026-09-29,HI,population
2017-01-01,HIPOP,1425.763,2026-09-29,2026-09-29,HI,population
2018-01-01,HIPOP,1423.102,2026-09-29,2026-09-29,HI,population
2019-01-01,HIPOP,1415.615,2026-09-29,2026-09-29,HI,population
2020-01-01,HIPOP,1451.13,2026-09-29,2026-09-29,HI,population
2021-01-01,HIPOP,1446.909,2026-09-29,2026-09-29,HI,population
2022-01-01,HIPOP,1437.812,2026-09-29,2026-09-29,HI,population
2023-01-01,HIPOP,1434.95,2026-09-29,2026-09-29,HI,population
2024-01-01,HIPOP,1434.952,2026-09-29,2026-09-29,HI,population
2025-01-01,HIPOP,1432.82,2026-09-29,2026-09-29,HI,population
2000-01-01,IDPOP,1299.43,2026-09-29,2026-09-29,ID,population
2001-01-01,IDPOP,1319.962,2026-09-29,2026-09-29,ID,population
2002-01-01,IDPOP,1340.372,2026-09-29,2026-09-29,ID,population
2003-01-01,IDPOP,1363.38,2026-09-29,2026-09-29,ID,population
2004-01-01,IDPOP,1391.802,2026-09-29,2026-09-29,ID,population
2005-01-01,IDPOP,1428.241,2026-09-29,2026-09-29,ID,population
2006-01-01,IDPOP,1468.669,2026-09-29,2026-09-29,ID,population
2007-01-01,IDPOP,1505.105,2026-09-29,2026-09-29,ID,population
2008-01-01,IDPOP,1534.32,2026-09-29,2026-09-29,ID,population
2009-01-01,IDPOP,1554.439,2026-09-29,2026-09-29,ID,population
2010-01-01,IDPOP,1570.819,2026-09-29,2026-09-29,ID,population
2011-01-01,IDPOP,1584.272,2026-09-29,2026-09-29,ID,population
2012-01-01,IDPOP,1595.91,2026-09-29,2026-09-29,ID,population
2013-01-01,IDPOP,1612.053,2026-09-29,2026-09-29,ID,population
2014-01-01,IDPOP,1632.248,2026-09-29,2026-09-29,ID,population
2015-01-01,IDPOP,1652.495,2026-09-29,2026-09-29,ID,population
2016-01-01,IDPOP,1684.036,2026-09-29,2026-09-29,ID,population
2017-01-01,IDPOP,1719.745,2026-09-29,2026-09-29,ID,population
2018-01-01,IDPOP,1752.074,2026-09-29,2026-09-29,ID,population
2019-01-01,IDPOP,1789.06,2026-09-29,2026-09-29,ID,population
2020-01-01,IDPOP,1849.328,2026-09-29,2026-09-29,ID,population
2021-01-01,IDPOP,1904.855,2026-09-29,2026-09-29,ID,population
2022-01-01,IDPOP,1942.951,2026-09-29,2026-09-29,ID,population
2023-01-01,IDPOP,1970.497,2026-09-29,2026-09-29,ID,population
2024-01-01,IDPOP,2000.872,2026-09-29,2026-09-29,ID,population
2025-01-01,IDPOP,2029.733,2026-09-29,2026-09-29,ID,population
2000-01-01,ILPOP,12434.161,2026-09-29,2026-09-29,IL,population
2001-01-01,ILPOP,12488.445,2026-09-29,2026-09-29,IL,population
2002-01-01,ILPOP,12525.556,2026-09-29,2026-09-29,IL,population
2003-01-01,ILPOP,12556.006,2026-09-29,2026-09-29,IL,population
2004-01-01,ILPOP,12589.773,2026-09-29,2026-09-29,IL,population
2005-01-01,ILPOP,12609.903,2026-09-29,2026-09-29,IL,population
2006-01-01,ILPOP,12643.955,2026-09-29,2026-09-29,IL,population
2007-01-01,ILPOP,12695.866,2026-09-29,2026-09-29,IL,population
2008-01-01,ILPOP,12747.038,2026-09-29,2026-09-29,IL,population
2009-01-01,ILPOP,12796.778,2026-09-29,2026-09-29,IL,population
2010-01-01,ILPOP,12840.545,2026-09-29,2026-09-29,IL,population
2011-01-01,ILPOP,12867.783,2026-09-29,2026-09-29,IL,population
2012-01-01,ILPOP,12883.029,2026-09-29,2026-09-29,IL,population
2013-01-01,ILPOP,12895.778,2026-09-29,2026-09-29,IL,population
2014-01-01,ILPOP,12885.092,2026-09-29,2026-09-29,IL,population
2015-01-01,ILPOP,12859.585,2026-09-29,2026-09-29,IL,population
2016-01-01,ILPOP,12821.709,2026-09-29,2026-09-29,IL,population
2017-01-01,ILPOP,12779.893,2026-09-29,2026-09-29,IL,population
2018-01-01,ILPOP,12724.685,2026-09-29,2026-09-29,IL,population
2019-01-01,ILPOP,12667.017,2026-09-29,2026-09-29,IL,population
2020-01-01,ILPOP,12795.348,2026-09-29,2026-09-29,IL,population
2021-01-01,ILPOP,12703.354,2026-09-29,2026-09-29,IL,population
2022-01-01,ILPOP,12609.577,2026-09-29,2026-09-29,IL,population
2023-01-01,ILPOP,12633.389,2026-09-29,2026-09-29,IL,population
2024-01-01,ILPOP,12703.033,2026-09-29,2026-09-29,IL,population
2025-01-01,ILPOP,12719.141,2026-09-29,2026-09-29,IL,population
2000-01-01,INPOP,6091.866,2026-09-29,2026-09-29,IN,population
2001-01-01,INPOP,6127.76,2026-09-29,2026-09-29,IN,population
2002-01-01,INPOP,6155.967,2026-09-29,2026-09-29,IN,population
2003-01-01,INPOP,6196.638,2026-09-29,2026-09-29,IN,population
2004-01-01,INPOP,6233.007,2026-09-29,2026-09-29,IN,population
2005-01-01,INPOP,6278.616,2026-09-29,2026-09-29,IN,population
2006-01-01,INPOP,6332.669,2026-09-29,2026-09-29,IN,population
2007-01-01,INPOP,6379.599,2026-09-29,2026-09-29,IN,population
2008-01-01,INPOP,6424.806,2026-09-29,2026-09-29,IN,population
2009-01-01,INPOP,6459.325,2026-09-29,2026-09-29,IN,population
2010-01-01,INPOP,6490.555,2026-09-29,2026-09-29,IN,population
2011-01-01,INPOP,6517.25,2026-09-29,2026-09-29,IN,population
2012-01-01,INPOP,6538.989,2026-09-29,2026-09-29,IN,population
2013-01-01,INPOP,6570.575,2026-09-29,2026-09-29,IN,population
2014-01-01,INPOP,6596.019,2026-09-29,2026-09-29,IN,population
2015-01-01,INPOP,6611.442,2026-09-29,2026-09-29,IN,population
2016-01-01,INPOP,6637.898,2026-09-29,2026-09-29,IN,population
2017-01-01,INPOP,6662.068,2026-09-29,2026-09-29,IN,population
2018-01-01,INPOP,6698.481,2026-09-29,2026-09-29,IN,population
2019-01-01,INPOP,6731.01,2026-09-29,2026-09-29,IN,population
2020-01-01,INPOP,6790.29,2026-09-29,2026-09-29,IN,population
2021-01-01,INPOP,6814.223,2026-09-29,2026-09-29,IN,population
2022-01-01,INPOP,6841.491,2026-09-29,2026-09-29,IN,population
2023-01-01,INPOP,6881.373,2026-09-29,2026-09-29,IN,population
2024-01-01,INPOP,6934.754,2026-09-29,2026-09-29,IN,population
2025-01-01,INPOP,6973.333,2026-09-29,2026-09-29,IN,population
2000-01-01,IAPOP,2929.067,2026-09-29,2026-09-29,IA,population
2001-01-01,IAPOP,2931.997,2026-09-29,2026-09-29,IA,population
2002-01-01,IAPOP,2934.234,2026-09-29,2026-09-29,IA,population
2003-01-01,IAPOP,2941.999,2026-09-29,2026-09-29,IA,population
2004-01-01,IAPOP,2953.635,2026-09-29,2026-09-29,IA,population
2005-01-01,IAPOP,2964.454,2026-09-29,2026-09-29,IA,population
2006-01-01,IAPOP,2982.644,2026-09-29,2026-09-29,IA,population
2007-01-01,IAPOP,2999.212,2026-09-29,2026-09-29,IA,population
2008-01-01,IAPOP,3016.734,2026-09-29,2026-09-29,IA,population
2009-01-01,IAPOP,3032.87,2026-09-29,2026-09-29,IA,population
2010-01-01,IAPOP,3050.819,2026-09-29,2026-09-29,IA,population
2011-01-01,IAPOP,3066.772,2026-09-29,2026-09-29,IA,population
2012-01-01,IAPOP,3076.844,2026-09-29,2026-09-29,IA,population
2013-01-01,IAPOP,3093.935,2026-09-29,2026-09-29,IA,population
2014-01-01,IAPOP,3110.643,2026-09-29,2026-09-29,IA,population
2015-01-01,IAPOP,3122.541,2026-09-29,2026-09-29,IA,population
2016-01-01,IAPOP,3133.21,2026-09-29,2026-09-29,IA,population
2017-01-01,IAPOP,3143.734,2026-09-29,2026-09-29,IA,population
2018-01-01,IAPOP,3149.9,2026-09-29,2026-09-29,IA,population
2019-01-01,IAPOP,3159.596,2026-09-29,2026-09-29,IA,population
2020-01-01,IAPOP,3191.081,2026-09-29,2026-09-29,IA,population
2021-01-01,IAPOP,3199.037,2026-09-29,2026-09-29,IA,population
2022-01-01,IAPOP,3201.89,2026-09-29,2026-09-29,IA,population
2023-01-01,IAPOP,3214.739,2026-09-29,2026-09-29,IA,population
2024-01-01,IAPOP,3230.454,2026-09-29,2026-09-29,IA,population
2025-01-01,IAPOP,3238.387,2026-09-29,2026-09-29,IA,population
2000-01-01,KSPOP,2693.681,2026-09-29,2026-09-29,KS,population
2001-01-01,KSPOP,2702.162,2026-09-29,2026-09-29,KS,population
2002-01-01,KSPOP,2713.535,2026-09-29,2026-09-29,KS,population
2003-01-01,KSPOP,2723.004,2026-09-29,2026-09-29,KS,population
2004-01-01,KSPOP,2734.373,2026-09-29,2026-09-29,KS,population
2005-01-01,KSPOP,2745.299,2026-09-29,2026-09-29,KS,population
2006-01-01,KSPOP,2762.931,2026-09-29,2026-09-29,KS,population
2007-01-01,KSPOP,2783.785,2026-09-29,2026-09-29,KS,population
2008-01-01,KSPOP,2808.076,2026-09-29,2026-09-29,KS,population
2009-01-01,KSPOP,2832.704,2026-09-29,2026-09-29,KS,population
2010-01-01,KSPOP,2858.266,2026-09-29,2026-09-29,KS,population
2011-01-01,KSPOP,2869.677,2026-09-29,2026-09-29,KS,population
2012-01-01,KSPOP,2886.024,2026-09-29,2026-09-29,KS,population
2013-01-01,KSPOP,2894.306,2026-09-29,2026-09-29,KS,population
2014-01-01,KSPOP,2901.861,2026-09-29,2026-09-29,KS,population
2015-01-01,KSPOP,2910.717,2026-09-29,2026-09-29,KS,population
2016-01-01,KSPOP,2912.977,2026-09-29,2026-09-29,KS,population
2017-01-01,KSPOP,2910.892,2026-09-29,2026-09-29,KS,population
2018-01-01,KSPOP,2912.748,2026-09-29,2026-09-29,KS,population
2019-01-01,KSPOP,2912.635,2026-09-29,2026-09-29,KS,population
2020-01-01,KSPOP,2938.274,2026-09-29,2026-09-29,KS,population
2021-01-01,KSPOP,2938.966,2026-09-29,2026-09-29,KS,population
2022-01-01,KSPOP,2938.034,2026-09-29,2026-09-29,KS,population
2023-01-01,KSPOP,2949.749,2026-09-29,2026-09-29,KS,population
2024-01-01,KSPOP,2965.252,2026-09-29,2026-09-29,KS,population
2025-01-01,KSPOP,2977.22,2026-09-29,2026-09-29,KS,population
2000-01-01,KYPOP,4049.021,2026-09-29,2026-09-29,KY,population
2001-01-01,KYPOP,4068.132,2026-09-29,2026-09-29,KY,population
2002-01-01,KYPOP,4089.875,2026-09-29,2026-09-29,KY,population
2003-01-01,KYPOP,4117.17,2026-09-29,2026-09-29,KY,population
2004-01-01,KYPOP,4146.101,2026-09-29,2026-09-29,KY,population
2005-01-01,KYPOP,4182.742,2026-09-29,2026-09-29,KY,population
2006-01-01,KYPOP,4219.239,2026-09-29,2026-09-29,KY,population
2007-01-01,KYPOP,4256.672,2026-09-29,2026-09-29,KY,population
2008-01-01,KYPOP,4289.878,2026-09-29,2026-09-29,KY,population
2009-01-01,KYPOP,4317.074,2026-09-29,2026-09-29,KY,population
2010-01-01,KYPOP,4348.464,2026-09-29,2026-09-29,KY,population
2011-01-01,KYPOP,4370.817,2026-09-29,2026-09-29,KY,population
2012-01-01,KYPOP,4387.865,2026-09-29,2026-09-29,KY,population
2013-01-01,KYPOP,4406.906,2026-09-29,2026-09-29,KY,population
2014-01-01,KYPOP,4416.992,2026-09-29,2026-09-29,KY,population
2015-01-01,KYPOP,4429.126,2026-09-29,2026-09-29,KY,population
2016-01-01,KYPOP,4440.306,2026-09-29,2026-09-29,KY,population
2017-01-01,KYPOP,4455.59,2026-09-29,2026-09-29,KY,population
2018-01-01,KYPOP,4464.273,2026-09-29,2026-09-29,KY,population
2019-01-01,KYPOP,4472.345,2026-09-29,2026-09-29,KY,population
2020-01-01,KYPOP,4508.271,2026-09-29,2026-09-29,KY,population
2021-01-01,KYPOP,4508.348,2026-09-29,2026-09-29,KY,population
2022-01-01,KYPOP,4521.238,2026-09-29,2026-09-29,KY,population
2023-01-01,KYPOP,4549.953,2026-09-29,2026-09-29,KY,population
2024-01-01,KYPOP,4584.046,2026-09-29,2026-09-29,KY,population
2025-01-01,KYPOP,4606.864,2026-09-29,2026-09-29,KY,population
2000-01-01,LAPOP,4471.885,2026-09-29,2026-09-29,LA,population
2001-01-01,LAPOP,4477.875,2026-09-29,2026-09-29,LA,population
2002-01-01,LAPOP,4497.267,2026-09-29,2026-09-29,LA,population
2003-01-01,LAPOP,4521.042,2026-09-29,2026-09-29,LA,population
2004-01-01,LAPOP,4552.238,2026-09-29,2026-09-29,LA,population
2005-01-01,LAPOP,4576.628,2026-09-29,2026-09-29,LA,population
2006-01-01,LAPOP,4302.665,2026-09-29,2026-09-29,LA,population
2007-01-01,LAPOP,4375.581,2026-09-29,2026-09-29,LA,population
2008-01-01,LAPOP,4435.586,2026-09-29,2026-09-29,LA,population
2009-01-01,LAPOP,4491.648,2026-09-29,2026-09-29,LA,population
2010-01-01,LAPOP,4544.635,2026-09-29,2026-09-29,LA,population
2011-01-01,LAPOP,4576.244,2026-09-29,2026-09-29,LA,population
2012-01-01,LAPOP,4602.067,2026-09-29,2026-09-29,LA,population
2013-01-01,LAPOP,4626.04,2026-09-29,2026-09-29,LA,population
2014-01-01,LAPOP,4645.938,2026-09-29,2026-09-29,LA,population
2015-01-01,LAPOP,4666.998,2026-09-29,2026-09-29,LA,population
2016-01-01,LAPOP,4681.346,2026-09-29,2026-09-29,LA,population
2017-01-01,LAPOP,4673.673,2026-09-29,2026-09-29,LA,population
2018-01-01,LAPOP,4664.45,2026-09-29,2026-09-29,LA,population
2019-01-01,LAPOP,4658.285,2026-09-29,2026-09-29,LA,population
2020-01-01,LAPOP,4652.145,2026-09-29,2026-09-29,LA,population
2021-01-01,LAPOP,4628.595,2026-09-29,2026-09-29,LA,population
2022-01-01,LAPOP,4600.892,2026-09-29,2026-09-29,LA,population
2023-01-01,LAPOP,4598.777,2026-09-29,2026-09-29,LA,population
2024-01-01,LAPOP,4614.878,2026-09-29,2026-09-29,LA,population
2025-01-01,LAPOP,4618.189,2026-09-29,2026-09-29,LA,population
2000-01-01,MEPOP,1277.072,2026-09-29,2026-09-29,ME,population
2001-01-01,MEPOP,1285.692,2026-09-29,2026-09-29,ME,population
2002-01-01,MEPOP,1295.96,2026-09-29,2026-09-29,ME,population
2003-01-01,MEPOP,1306.513,2026-09-29,2026-09-29,ME,population
2004-01-01,MEPOP,1313.688,2026-09-29,2026-09-29,ME,population
2005-01-01,MEPOP,1318.787,2026-09-29,2026-09-29,ME,population
2006-01-01,MEPOP,1323.619,2026-09-29,2026-09-29,ME,population
2007-01-01,MEPOP,1327.04,2026-09-29,2026-09-29,ME,population
2008-01-01,MEPOP,1330.509,2026-09-29,2026-09-29,ME,population
2009-01-01,MEPOP,1329.59,2026-09-29,2026-09-29,ME,population
2010-01-01,MEPOP,1327.651,2026-09-29,2026-09-29,ME,population
2011-01-01,MEPOP,1328.473,2026-09-29,2026-09-29,ME,population
2012-01-01,MEPOP,1328.094,2026-09-29,2026-09-29,ME,population
2013-01-01,MEPOP,1328.543,2026-09-29,2026-09-29,ME,population
2014-01-01,MEPOP,1331.217,2026-09-29,2026-09-29,ME,population
2015-01-01,MEPOP,1329.098,2026-09-29,2026-09-29,ME,population
2016-01-01,MEPOP,1332.348,2026-09-29,2026-09-29,ME,population
2017-01-01,MEPOP,1335.743,2026-09-29,2026-09-29,ME,population
2018-01-01,MEPOP,1340.123,2026-09-29,2026-09-29,ME,population
2019-01-01,MEPOP,1345.77,2026-09-29,2026-09-29,ME,population
2020-01-01,MEPOP,1364.546,2026-09-29,2026-09-29,ME,population
2021-01-01,MEPOP,1379.009,2026-09-29,2026-09-29,ME,population
2022-01-01,MEPOP,1391.585,2026-09-29,2026-09-29,ME,population
2023-01-01,MEPOP,1401.992,2026-09-29,2026-09-29,ME,population
2024-01-01,MEPOP,1408.438,2026-09-29,2026-09-29,ME,population
2025-01-01,MEPOP,1414.874,2026-09-29,2026-09-29,ME,population
2000-01-01,MDPOP,5311.034,2026-09-29,2026-09-29,MD,population
2001-01-01,MDPOP,5374.691,2026-09-29,2026-09-29,MD,population
2002-01-01,MDPOP,5440.389,2026-09-29,2026-09-29,MD,population
2003-01-01,MDPOP,5496.269,2026-09-29,2026-09-29,MD,population
2004-01-01,MDPOP,5546.935,2026-09-29,2026-09-29,MD,population
2005-01-01,MDPOP,5592.379,2026-09-29,2026-09-29,MD,population
2006-01-01,MDPOP,5627.367,2026-09-29,2026-09-29,MD,population
2007-01-01,MDPOP,5653.408,2026-09-29,2026-09-29,MD,population
2008-01-01,MDPOP,5684.965,2026-09-29,2026-09-29,MD,population
2009-01-01,MDPOP,5730.388,2026-09-29,2026-09-29,MD,population
2010-01-01,MDPOP,5788.784,2026-09-29,2026-09-29,MD,population
2011-01-01,MDPOP,5840.241,2026-09-29,2026-09-29,MD,population
2012-01-01,MDPOP,5888.375,2026-09-29,2026-09-29,MD,population
2013-01-01,MDPOP,5925.197,2026-09-29,2026-09-29,MD,population
2014-01-01,MDPOP,5960.064,2026-09-29,2026-09-29,MD,population
2015-01-01,MDPOP,5988.528,2026-09-29,2026-09-29,MD,population
2016-01-01,MDPOP,6007.014,2026-09-29,2026-09-29,MD,population
2017-01-01,MDPOP,6028.186,2026-09-29,2026-09-29,MD,population
2018-01-01,MDPOP,6042.153,2026-09-29,2026-09-29,MD,population
2019-01-01,MDPOP,6054.954,2026-09-29,2026-09-29,MD,population
2020-01-01,MDPOP,6178.387,2026-09-29,2026-09-29,MD,population
2021-01-01,MDPOP,6176.035,2026-09-29,2026-09-29,MD,population
2022-01-01,MDPOP,6183.257,2026-09-29,2026-09-29,MD,population
2023-01-01,MDPOP,6204.927,2026-09-29,2026-09-29,MD,population
2024-01-01,MDPOP,6245.314,2026-09-29,2026-09-29,MD,population
2025-01-01,MDPOP,6265.347,2026-09-29,2026-09-29,MD,population
2000-01-01,MAPOP,6361.104,2026-09-29,2026-09-29,MA,population
2001-01-01,MAPOP,6397.634,2026-09-29,2026-09-29,MA,population
2002-01-01,MAPOP,6417.206,2026-09-29,2026-09-29,MA,population
2003-01-01,MAPOP,6422.565,2026-09-29,2026-09-29,MA,population
2004-01-01,MAPOP,6412.281,2026-09-29,2026-09-29,MA,population
2005-01-01,MAPOP,6403.29,2026-09-29,2026-09-29,MA,population
2006-01-01,MAPOP,6410.084,2026-09-29,2026-09-29,MA,population
2007-01-01,MAPOP,6431.559,2026-09-29,2026-09-29,MA,population
2008-01-01,MAPOP,6468.967,2026-09-29,2026-09-29,MA,population
2009-01-01,MAPOP,6517.613,2026-09-29,2026-09-29,MA,population
2010-01-01,MAPOP,6566.44,2026-09-29,2026-09-29,MA,population
2011-01-01,MAPOP,6614.218,2026-09-29,2026-09-29,MA,population
2012-01-01,MAPOP,6664.269,2026-09-29,2026-09-29,MA,population
2013-01-01,MAPOP,6715.158,2026-09-29,2026-09-29,MA,population
2014-01-01,MAPOP,6764.864,2026-09-29,2026-09-29,MA,population
2015-01-01,MAPOP,6797.484,2026-09-29,2026-09-29,MA,population
2016-01-01,MAPOP,6827.28,2026-09-29,2026-09-29,MA,population
2017-01-01,MAPOP,6863.56,2026-09-29,2026-09-29,MA,population
2018-01-01,MAPOP,6885.72,2026-09-29,2026-09-29,MA,population
2019-01-01,MAPOP,6894.883,2026-09-29,2026-09-29,MA,population
2020-01-01,MAPOP,6985.32,2026-09-29,2026-09-29,MA,population
2021-01-01,MAPOP,6996.721,2026-09-29,2026-09-29,MA,population
2022-01-01,MAPOP,7025.465,2026-09-29,2026-09-29,MA,population
2023-01-01,MAPOP,7073.479,2026-09-29,2026-09-29,MA,population
2024-01-01,MAPOP,7138.56,2026-09-29,2026-09-29,MA,population
2025-01-01,MAPOP,7154.084,2026-09-29,2026-09-29,MA,population
2000-01-01,MIPOP,9952.45,2026-09-29,2026-09-29,MI,population
2001-01-01,MIPOP,9991.12,2026-09-29,2026-09-29,MI,population
2002-01-01,MIPOP,10015.71,2026-09-29,2026-09-29,MI,population
2003-01-01,MIPOP,10041.152,2026-09-29,2026-09-29,MI,population
2004-01-01,MIPOP,10055.315,2026-09-29,2026-09-29,MI,population
2005-01-01,MIPOP,10051.137,2026-09-29,2026-09-29,MI,population
2006-01-01,MIPOP,10036.081,2026-09-29,2026-09-29,MI,population
2007-01-01,MIPOP,10001.284,2026-09-29,2026-09-29,MI,population
2008-01-01,MIPOP,9946.889,2026-09-29,2026-09-29,MI,population
2009-01-01,MIPOP,9901.591,2026-09-29,2026-09-29,MI,population
2010-01-01,MIPOP,9877.597,2026-09-29,2026-09-29,MI,population
2011-01-01,MIPOP,9883.053,2026-09-29,2026-09-29,MI,population
2012-01-01,MIPOP,9898.289,2026-09-29,2026-09-29,MI,population
2013-01-01,MIPOP,9914.802,2026-09-29,2026-09-29,MI,population
2014-01-01,MIPOP,9932.033,2026-09-29,2026-09-29,MI,population
2015-01-01,MIPOP,9934.483,2026-09-29,2026-09-29,MI,population
2016-01-01,MIPOP,9954.117,2026-09-29,2026-09-29,MI,population
2017-01-01,MIPOP,9976.752,2026-09-29,2026-09-29,MI,population
2018-01-01,MIPOP,9987.286,2026-09-29,2026-09-29,MI,population
2019-01-01,MIPOP,9984.795,2026-09-29,2026-09-29,MI,population
2020-01-01,MIPOP,10072.294,2026-09-29,2026-09-29,MI,population
2021-01-01,MIPOP,10042.362,2026-09-29,2026-09-29,MI,population
2022-01-01,MIPOP,10043.906,2026-09-29,2026-09-29,MI,population
2023-01-01,MIPOP,10062.124,2026-09-29,2026-09-29,MI,population
2024-01-01,MIPOP,10099.962,2026-09-29,2026-09-29,MI,population
2025-01-01,MIPOP,10127.884,2026-09-29,2026-09-29,MI,population
2000-01-01,MNPOP,4933.692,2026-09-29,2026-09-29,MN,population
2001-01-01,MNPOP,4982.796,2026-09-29,2026-09-29,MN,population
2002-01-01,MNPOP,5018.935,2026-09-29,2026-09-29,MN,population
2003-01-01,MNPOP,5053.572,2026-09-29,2026-09-29,MN,population
2004-01-01,MNPOP,5087.713,2026-09-29,2026-09-29,MN,population
2005-01-01,MNPOP,5119.598,2026-09-29,2026-09-29,MN,population
2006-01-01,MNPOP,5163.555,2026-09-29,2026-09-29,MN,population
2007-01-01,MNPOP,5207.203,2026-09-29,2026-09-29,MN,population
2008-01-01,MNPOP,5247.018,2026-09-29,2026-09-29,MN,population
2009-01-01,MNPOP,5281.203,2026-09-29,2026-09-29,MN,population
2010-01-01,MNPOP,5310.934,2026-09-29,2026-09-29,MN,population
2011-01-01,MNPOP,5346.62,2026-09-29,2026-09-29,MN,population
2012-01-01,MNPOP,5377.5,2026-09-29,2026-09-29,MN,population
2013-01-01,MNPOP,5414.722,2026-09-29,2026-09-29,MN,population
2014-01-01,MNPOP,5452.665,2026-09-29,2026-09-29,MN,population
2015-01-01,MNPOP,5484.002,2026-09-29,2026-09-29,MN,population
2016-01-01,MNPOP,5525.36,2026-09-29,2026-09-29,MN,population
2017-01-01,MNPOP,5569.283,2026-09-29,2026-09-29,MN,population
2018-01-01,MNPOP,5608.762,2026-09-29,2026-09-29,MN,population
2019-01-01,MNPOP,5640.053,2026-09-29,2026-09-29,MN,population
2020-01-01,MNPOP,5710.562,2026-09-29,2026-09-29,MN,population
2021-01-01,MNPOP,5714.055,2026-09-29,2026-09-29,MN,population
2022-01-01,MNPOP,5727.565,2026-09-29,2026-09-29,MN,population
2023-01-01,MNPOP,5752.998,2026-09-29,2026-09-29,MN,population
2024-01-01,MNPOP,5797.405,2026-09-29,2026-09-29,MN,population
2025-01-01,MNPOP,5830.405,2026-09-29,2026-09-29,MN,population
2000-01-01,MSPOP,2848.353,2026-09-29,2026-09-29,MS,population
2001-01-01,MSPOP,2852.994,2026-09-29,2026-09-29,MS,population
2002-01-01,MSPOP,2858.681,2026-09-29,2026-09-29,MS,population
2003-01-01,MSPOP,2868.312,2026-09-29,2026-09-29,MS,population
2004-01-01,MSPOP,2889.01,2026-09-29,2026-09-29,MS,population
2005-01-01,MSPOP,2905.943,2026-09-29,2026-09-29,MS,population
2006-01-01,MSPOP,2904.978,2026-09-29,2026-09-29,MS,population
2007-01-01,MSPOP,2928.35,2026-09-29,2026-09-29,MS,population
2008-01-01,MSPOP,2947.806,2026-09-29,2026-09-29,MS,population
2009-01-01,MSPOP,2958.774,2026-09-29,2026-09-29,MS,population
2010-01-01,MSPOP,2970.615,2026-09-29,2026-09-29,MS,population
2011-01-01,MSPOP,2979.147,2026-09-29,2026-09-29,MS,population
2012-01-01,MSPOP,2984.599,2026-09-29,2026-09-29,MS,population
2013-01-01,MSPOP,2989.839,2026-09-29,2026-09-29,MS,population
2014-01-01,MSPOP,2991.892,2026-09-29,2026-09-29,MS,population
2015-01-01,MSPOP,2990.231,2026-09-29,2026-09-29,MS,population
2016-01-01,MSPOP,2990.595,2026-09-29,2026-09-29,MS,population
2017-01-01,MSPOP,2990.674,2026-09-29,2026-09-29,MS,population
2018-01-01,MSPOP,2982.879,2026-09-29,2026-09-29,MS,population
2019-01-01,MSPOP,2978.227,2026-09-29,2026-09-29,MS,population
2020-01-01,MSPOP,2958.385,2026-09-29,2026-09-29,MS,population
2021-01-01,MSPOP,2947.603,2026-09-29,2026-09-29,MS,population
2022-01-01,MSPOP,2941.237,2026-09-29,2026-09-29,MS,population
2023-01-01,MSPOP,2942.47,2026-09-29,2026-09-29,MS,population
2024-01-01,MSPOP,2950.172,2026-09-29,2026-09-29,MS,population
2025-01-01,MSPOP,2954.16,2026-09-29,2026-09-29,MS,population
2000-01-01,MOPOP,5607.285,2026-09-29,2026-09-29,MO,population
2001-01-01,MOPOP,5641.142,2026-09-29,2026-09-29,MO,population
2002-01-01,MOPOP,5674.825,2026-09-29,2026-09-29,MO,population
2003-01-01,MOPOP,5709.403,2026-09-29,2026-09-29,MO,population
2004-01-01,MOPOP,5747.741,2026-09-29,2026-09-29,MO,population
2005-01-01,MOPOP,5790.3,2026-09-29,2026-09-29,MO,population
2006-01-01,MOPOP,5842.704,2026-09-29,2026-09-29,MO,population
2007-01-01,MOPOP,5887.612,2026-09-29,2026-09-29,MO,population
2008-01-01,MOPOP,5923.916,2026-09-29,2026-09-29,MO,population
2009-01-01,MOPOP,5961.088,2026-09-29,2026-09-29,MO,population
2010-01-01,MOPOP,5996.089,2026-09-29,2026-09-29,MO,population
2011-01-01,MOPOP,6011.182,2026-09-29,2026-09-29,MO,population
2012-01-01,MOPOP,6026.027,2026-09-29,2026-09-29,MO,population
2013-01-01,MOPOP,6042.989,2026-09-29,2026-09-29,MO,population
2014-01-01,MOPOP,6059.13,2026-09-29,2026-09-29,MO,population
2015-01-01,MOPOP,6075.411,2026-09-29,2026-09-29,MO,population
2016-01-01,MOPOP,6091.384,2026-09-29,2026-09-29,MO,population
2017-01-01,MOPOP,6111.382,2026-09-29,2026-09-29,MO,population
2018-01-01,MOPOP,6125.986,2026-09-29,2026-09-29,MO,population
2019-01-01,MOPOP,6140.475,2026-09-29,2026-09-29,MO,population
2020-01-01,MOPOP,6155.074,2026-09-29,2026-09-29,MO,population
2021-01-01,MOPOP,6172.551,2026-09-29,2026-09-29,MO,population
2022-01-01,MOPOP,6179.285,2026-09-29,2026-09-29,MO,population
2023-01-01,MOPOP,6205.956,2026-09-29,2026-09-29,MO,population
2024-01-01,MOPOP,6243.544,2026-09-29,2026-09-29,MO,population
2025-01-01,MOPOP,6270.541,2026-09-29,2026-09-29,MO,population
2000-01-01,MTPOP,903.773,2026-09-29,2026-09-29,MT,population
2001-01-01,MTPOP,906.961,2026-09-29,2026-09-29,MT,population
2002-01-01,MTPOP,911.667,2026-09-29,2026-09-29,MT,population
2003-01-01,MTPOP,919.63,2026-09-29,2026-09-29,MT,population
2004-01-01,MTPOP,930.009,2026-09-29,2026-09-29,MT,population
2005-01-01,MTPOP,940.102,2026-09-29,2026-09-29,MT,population
2006-01-01,MTPOP,952.692,2026-09-29,2026-09-29,MT,population
2007-01-01,MTPOP,964.706,2026-09-29,2026-09-29,MT,population
2008-01-01,MTPOP,976.415,2026-09-29,2026-09-29,MT,population
2009-01-01,MTPOP,983.982,2026-09-29,2026-09-29,MT,population
2010-01-01,MTPOP,990.73,2026-09-29,2026-09-29,MT,population
2011-01-01,MTPOP,997.518,2026-09-29,2026-09-29,MT,population
2012-01-01,MTPOP,1004.168,2026-09-29,2026-09-29,MT,population
2013-01-01,MTPOP,1014.158,2026-09-29,2026-09-29,MT,population
2014-01-01,MTPOP,1022.657,2026-09-29,2026-09-29,MT,population
2015-01-01,MTPOP,1031.495,2026-09-29,2026-09-29,MT,population
2016-01-01,MTPOP,1042.137,2026-09-29,2026-09-29,MT,population
2017-01-01,MTPOP,1053.862,2026-09-29,2026-09-29,MT,population
2018-01-01,MTPOP,1061.818,2026-09-29,2026-09-29,MT,population
2019-01-01,MTPOP,1070.123,2026-09-29,2026-09-29,MT,population
2020-01-01,MTPOP,1087.156,2026-09-29,2026-09-29,MT,population
2021-01-01,MTPOP,1106.416,2026-09-29,2026-09-29,MT,population
2022-01-01,MTPOP,1121.533,2026-09-29,2026-09-29,MT,population
2023-01-01,MTPOP,1130.612,2026-09-29,2026-09-29,MT,population
2024-01-01,MTPOP,1137.557,2026-09-29,2026-09-29,MT,population
2025-01-01,MTPOP,1144.694,2026-09-29,2026-09-29,MT,population
2000-01-01,NEPOP,1713.82,2026-09-29,2026-09-29,NE,population
2001-01-01,NEPOP,1719.836,2026-09-29,2026-09-29,NE,population
2002-01-01,NEPOP,1728.292,2026-09-29,2026-09-29,NE,population
2003-01-01,NEPOP,1738.643,2026-09-29,2026-09-29,NE,population
2004-01-01,NEPOP,1749.37,2026-09-29,2026-09-29,NE,population
2005-01-01,NEPOP,1761.497,2026-09-29,2026-09-29,NE,population
2006-01-01,NEPOP,1772.693,2026-09-29,2026-09-29,NE,population
2007-01-01,NEPOP,1783.44,2026-09-29,2026-09-29,NE,population
2008-01-01,NEPOP,1796.378,2026-09-29,2026-09-29,NE,population
2009-01-01,NEPOP,1812.683,2026-09-29,2026-09-29,NE,population
2010-01-01,NEPOP,1829.591,2026-09-29,2026-09-29,NE,population
2011-01-01,NEPOP,1840.914,2026-09-29,2026-09-29,NE,population
2012-01-01,NEPOP,1853.691,2026-09-29,2026-09-29,NE,population
2013-01-01,NEPOP,1865.813,2026-09-29,2026-09-29,NE,population
2014-01-01,NEPOP,1879.955,2026-09-29,2026-09-29,NE,population
2015-01-01,NEPOP,1892.059,2026-09-29,2026-09-29,NE,population
2016-01-01,NEPOP,1906.483,2026-09-29,2026-09-29,NE,population
2017-01-01,NEPOP,1916.998,2026-09-29,2026-09-29,NE,population
2018-01-01,NEPOP,1925.512,2026-09-29,2026-09-29,NE,population
2019-01-01,NEPOP,1932.571,2026-09-29,2026-09-29,NE,population
2020-01-01,NEPOP,1963.318,2026-09-29,2026-09-29,NE,population
2021-01-01,NEPOP,1964.697,2026-09-29,2026-09-29,NE,population
2022-01-01,NEPOP,1972.595,2026-09-29,2026-09-29,NE,population
2023-01-01,NEPOP,1988.172,2026-09-29,2026-09-29,NE,population
2024-01-01,NEPOP,2005.591,2026-09-29,2026-09-29,NE,population
2025-01-01,NEPOP,2018.006,2026-09-29,2026-09-29,NE,population
2000-01-01,NVPOP,2018.741,2026-09-29,2026-09-29,NV,population
2001-01-01,NVPOP,2098.399,2026-09-29,2026-09-29,NV,population
2002-01-01,NVPOP,2173.791,2026-09-29,2026-09-29,NV,population
2003-01-01,NVPOP,2248.85,2026-09-29,2026-09-29,NV,population
2004-01-01,NVPOP,2346.222,2026-09-29,2026-09-29,NV,population
2005-01-01,NVPOP,2432.143,2026-09-29,2026-09-29,NV,population
2006-01-01,NVPOP,2522.658,2026-09-29,2026-09-29,NV,population
2007-01-01,NVPOP,2601.072,2026-09-29,2026-09-29,NV,population
2008-01-01,NVPOP,2653.63,2026-09-29,2026-09-29,NV,population
2009-01-01,NVPOP,2684.665,2026-09-29,2026-09-29,NV,population
2010-01-01,NVPOP,2702.483,2026-09-29,2026-09-29,NV,population
2011-01-01,NVPOP,2713.114,2026-09-29,2026-09-29,NV,population
2012-01-01,NVPOP,2744.67,2026-09-29,2026-09-29,NV,population
2013-01-01,NVPOP,2776.956,2026-09-29,2026-09-29,NV,population
2014-01-01,NVPOP,2818.935,2026-09-29,2026-09-29,NV,population
2015-01-01,NVPOP,2868.531,2026-09-29,2026-09-29,NV,population
2016-01-01,NVPOP,2919.555,2026-09-29,2026-09-29,NV,population
2017-01-01,NVPOP,2972.097,2026-09-29,2026-09-29,NV,population
2018-01-01,NVPOP,3030.725,2026-09-29,2026-09-29,NV,population
2019-01-01,NVPOP,3090.771,2026-09-29,2026-09-29,NV,population
2020-01-01,NVPOP,3116.851,2026-09-29,2026-09-29,NV,population
2021-01-01,NVPOP,3148.472,2026-09-29,2026-09-29,NV,population
2022-01-01,NVPOP,3177.672,2026-09-29,2026-09-29,NV,population
2023-01-01,NVPOP,3211.077,2026-09-29,2026-09-29,NV,population
2024-01-01,NVPOP,3253.543,2026-09-29,2026-09-29,NV,population
2025-01-01,NVPOP,3282.188,2026-09-29,2026-09-29,NV,population
2000-01-01,NHPOP,1239.882,2026-09-29,2026-09-29,NH,population
2001-01-01,NHPOP,1255.517,2026-09-29,2026-09-29,NH,population
2002-01-01,NHPOP,1269.089,2026-09-29,2026-09-29,NH,population
2003-01-01,NHPOP,1279.84,2026-09-29,2026-09-29,NH,population
2004-01-01,NHPOP,1290.121,2026-09-29,2026-09-29,NH,population
2005-01-01,NHPOP,1298.492,2026-09-29,2026-09-29,NH,population
2006-01-01,NHPOP,1308.389,2026-09-29,2026-09-29,NH,population
2007-01-01,NHPOP,1312.54,2026-09-29,2026-09-29,NH,population
2008-01-01,NHPOP,1315.906,2026-09-29,2026-09-29,NH,population
2009-01-01,NHPOP,1316.102,2026-09-29,2026-09-29,NH,population
2010-01-01,NHPOP,1316.807,2026-09-29,2026-09-29,NH,population
2011-01-01,NHPOP,1320.444,2026-09-29,2026-09-29,NH,population
2012-01-01,NHPOP,1324.677,2026-09-29,2026-09-29,NH,population
2013-01-01,NHPOP,1327.272,2026-09-29,2026-09-29,NH,population
2014-01-01,NHPOP,1334.257,2026-09-29,2026-09-29,NH,population
2015-01-01,NHPOP,1337.48,2026-09-29,2026-09-29,NH,population
2016-01-01,NHPOP,1343.694,2026-09-29,2026-09-29,NH,population
2017-01-01,NHPOP,1350.395,2026-09-29,2026-09-29,NH,population
2018-01-01,NHPOP,1355.064,2026-09-29,2026-09-29,NH,population
2019-01-01,NHPOP,1360.783,2026-09-29,2026-09-29,NH,population
2020-01-01,NHPOP,1378.752,2026-09-29,2026-09-29,NH,population
2021-01-01,NHPOP,1387.907,2026-09-29,2026-09-29,NH,population
2022-01-01,NHPOP,1396.647,2026-09-29,2026-09-29,NH,population
2023-01-01,NHPOP,1401.53,2026-09-29,2026-09-29,NH,population
2024-01-01,NHPOP,1408.518,2026-09-29,2026-09-29,NH,population
2025-01-01,NHPOP,1415.342,2026-09-29,2026-09-29,NH,population
2000-01-01,NJPOP,8430.621,2026-09-29,2026-09-29,NJ,population
2001-01-01,NJPOP,8492.671,2026-09-29,2026-09-29,NJ,population
2002-01-01,NJPOP,8552.643,2026-09-29,2026-09-29,NJ,population
2003-01-01,NJPOP,8601.402,2026-09-29,2026-09-29,NJ,population
2004-01-01,NJPOP,8634.561,2026-09-29,2026-09-29,NJ,population
2005-01-01,NJPOP,8651.974,2026-09-29,2026-09-29,NJ,population
2006-01-01,NJPOP,8661.679,2026-09-29,2026-09-29,NJ,population
2007-01-01,NJPOP,8677.885,2026-09-29,2026-09-29,NJ,population
2008-01-01,NJPOP,8711.09,2026-09-29,2026-09-29,NJ,population
2009-01-01,NJPOP,8755.602,2026-09-29,2026-09-29,NJ,population
2010-01-01,NJPOP,8799.451,2026-09-29,2026-09-29,NJ,population
2011-01-01,NJPOP,8828.552,2026-09-29,2026-09-29,NJ,population
2012-01-01,NJPOP,8845.671,2026-09-29,2026-09-29,NJ,population
2013-01-01,NJPOP,8857.821,2026-09-29,2026-09-29,NJ,population
2014-01-01,NJPOP,8867.277,2026-09-29,2026-09-29,NJ,population
2015-01-01,NJPOP,8870.312,2026-09-29,2026-09-29,NJ,population
2016-01-01,NJPOP,8873.584,2026-09-29,2026-09-29,NJ,population
2017-01-01,NJPOP,8888.147,2026-09-29,2026-09-29,NJ,population
2018-01-01,NJPOP,8891.73,2026-09-29,2026-09-29,NJ,population
2019-01-01,NJPOP,8891.258,2026-09-29,2026-09-29,NJ,population
2020-01-01,NJPOP,9270.476,2026-09-29,2026-09-29,NJ,population
2021-01-01,NJPOP,9266.509,2026-09-29,2026-09-29,NJ,population
2022-01-01,NJPOP,9298.402,2026-09-29,2026-09-29,NJ,population
2023-01-01,NJPOP,9395.315,2026-09-29,2026-09-29,NJ,population
2024-01-01,NJPOP,9506.354,2026-09-29,2026-09-29,NJ,population
2025-01-01,NJPOP,9548.215,2026-09-29,2026-09-29,NJ,population
2000-01-01,NMPOP,1821.204,2026-09-29,2026-09-29,NM,population
2001-01-01,NMPOP,1831.69,2026-09-29,2026-09-29,NM,population
2002-01-01,NMPOP,1855.309,2026-09-29,2026-09-29,NM,population
2003-01-01,NMPOP,1877.574,2026-09-29,2026-09-29,NM,population
2004-01-01,NMPOP,1903.808,2026-09-29,2026-09-29,NM,population
2005-01-01,NMPOP,1932.274,2026-09-29,2026-09-29,NM,population
2006-01-01,NMPOP,1962.137,2026-09-29,2026-09-29,NM,population
2007-01-01,NMPOP,1990.07,2026-09-29,2026-09-29,NM,population
2008-01-01,NMPOP,2010.662,2026-09-29,2026-09-29,NM,population
2009-01-01,NMPOP,2036.802,2026-09-29,2026-09-29,NM,population
2010-01-01,NMPOP,2064.614,2026-09-29,2026-09-29,NM,population
2011-01-01,NMPOP,2080.707,2026-09-29,2026-09-29,NM,population
2012-01-01,NMPOP,2087.715,2026-09-29,2026-09-29,NM,population
2013-01-01,NMPOP,2092.833,2026-09-29,2026-09-29,NM,population
2014-01-01,NMPOP,2090.236,2026-09-29,2026-09-29,NM,population
2015-01-01,NMPOP,2090.071,2026-09-29,2026-09-29,NM,population
2016-01-01,NMPOP,2092.555,2026-09-29,2026-09-29,NM,population
2017-01-01,NMPOP,2092.844,2026-09-29,2026-09-29,NM,population
2018-01-01,NMPOP,2093.754,2026-09-29,2026-09-29,NM,population
2019-01-01,NMPOP,2099.634,2026-09-29,2026-09-29,NM,population
2020-01-01,NMPOP,2118.446,2026-09-29,2026-09-29,NM,population
2021-01-01,NMPOP,2117.3,2026-09-29,2026-09-29,NM,population
2022-01-01,NMPOP,2112.859,2026-09-29,2026-09-29,NM,population
2023-01-01,NMPOP,2119.349,2026-09-29,2026-09-29,NM,population
2024-01-01,NMPOP,2126.774,2026-09-29,2026-09-29,NM,population
2025-01-01,NMPOP,2125.498,2026-09-29,2026-09-29,NM,population
2000-01-01,NYPOP,19001.78,2026-09-29,2026-09-29,NY,population
2001-01-01,NYPOP,19082.838,2026-09-29,2026-09-29,NY,population
2002-01-01,NYPOP,19137.8,2026-09-29,2026-09-29,NY,population
2003-01-01,NYPOP,19175.939,2026-09-29,2026-09-29,NY,population
2004-01-01,NYPOP,19171.567,2026-09-29,2026-09-29,NY,population
2005-01-01,NYPOP,19132.61,2026-09-29,2026-09-29,NY,population
2006-01-01,NYPOP,19104.631,2026-09-29,2026-09-29,NY,population
2007-01-01,NYPOP,19132.335,2026-09-29,2026-09-29,NY,population
2008-01-01,NYPOP,19212.436,2026-09-29,2026-09-29,NY,population
2009-01-01,NYPOP,19307.066,2026-09-29,2026-09-29,NY,population
2010-01-01,NYPOP,19399.956,2026-09-29,2026-09-29,NY,population
2011-01-01,NYPOP,19499.921,2026-09-29,2026-09-29,NY,population
2012-01-01,NYPOP,19574.362,2026-09-29,2026-09-29,NY,population
2013-01-01,NYPOP,19626.488,2026-09-29,2026-09-29,NY,population
2014-01-01,NYPOP,19653.431,2026-09-29,2026-09-29,NY,population
2015-01-01,NYPOP,19657.321,2026-09-29,2026-09-29,NY,population
2016-01-01,NYPOP,19636.391,2026-09-29,2026-09-29,NY,population
2017-01-01,NYPOP,19593.849,2026-09-29,2026-09-29,NY,population
2018-01-01,NYPOP,19544.098,2026-09-29,2026-09-29,NY,population
2019-01-01,NYPOP,19463.131,2026-09-29,2026-09-29,NY,population
2020-01-01,NYPOP,20122.262,2026-09-29,2026-09-29,NY,population
2021-01-01,NYPOP,19835.345,2026-09-29,2026-09-29,NY,population
2022-01-01,NYPOP,19713.025,2026-09-29,2026-09-29,NY,population
2023-01-01,NYPOP,19786.543,2026-09-29,2026-09-29,NY,population
2024-01-01,NYPOP,20001.419,2026-09-29,2026-09-29,NY,population
2025-01-01,NYPOP,20002.427,2026-09-29,2026-09-29,NY,population
2000-01-01,NCPOP,8081.614,2026-09-29,2026-09-29,NC,population
2001-01-01,NCPOP,8210.122,2026-09-29,2026-09-29,NC,population
2002-01-01,NCPOP,8326.201,2026-09-29,2026-09-29,NC,population
2003-01-01,NCPOP,8422.501,2026-09-29,2026-09-29,NC,population
2004-01-01,NCPOP,8553.152,2026-09-29,2026-09-29,NC,population
2005-01-01,NCPOP,8705.407,2026-09-29,2026-09-29,NC,population
2006-01-01,NCPOP,8917.27,2026-09-29,2026-09-29,NC,population
2007-01-01,NCPOP,9118.037,2026-09-29,2026-09-29,NC,population
2008-01-01,NCPOP,9309.449,2026-09-29,2026-09-29,NC,population
2009-01-01,NCPOP,9449.566,2026-09-29,2026-09-29,NC,population
2010-01-01,NCPOP,9574.586,2026-09-29,2026-09-29,NC,population
2011-01-01,NCPOP,9658.913,2026-09-29,2026-09-29,NC,population
2012-01-01,NCPOP,9751.81,2026-09-29,2026-09-29,NC,population
2013-01-01,NCPOP,9846.717,2026-09-29,2026-09-29,NC,population
2014-01-01,NCPOP,9937.295,2026-09-29,2026-09-29,NC,population
2015-01-01,NCPOP,10037.218,2026-09-29,2026-09-29,NC,population
2016-01-01,NCPOP,10161.802,2026-09-29,2026-09-29,NC,population
2017-01-01,NCPOP,10275.758,2026-09-29,2026-09-29,NC,population
2018-01-01,NCPOP,10391.358,2026-09-29,2026-09-29,NC,population
2019-01-01,NCPOP,10501.384,2026-09-29,2026-09-29,NC,population
2020-01-01,NCPOP,10450.215,2026-09-29,2026-09-29,NC,population
2021-01-01,NCPOP,10565.503,2026-09-29,2026-09-29,NC,population
2022-01-01,NCPOP,10705.768,2026-09-29,2026-09-29,NC,population
2023-01-01,NCPOP,10871.849,2026-09-29,2026-09-29,NC,population
2024-01-01,NCPOP,11052.061,2026-09-29,2026-09-29,NC,population
2025-01-01,NCPOP,11197.968,2026-09-29,2026-09-29,NC,population
2000-01-01,NDPOP,642.023,2026-09-29,2026-09-29,ND,population
2001-01-01,NDPOP,639.062,2026-09-29,2026-09-29,ND,population
2002-01-01,NDPOP,638.168,2026-09-29,2026-09-29,ND,population
2003-01-01,NDPOP,638.817,2026-09-29,2026-09-29,ND,population
2004-01-01,NDPOP,644.705,2026-09-29,2026-09-29,ND,population
2005-01-01,NDPOP,646.089,2026-09-29,2026-09-29,ND,population
2006-01-01,NDPOP,649.422,2026-09-29,2026-09-29,ND,population
2007-01-01,NDPOP,652.822,2026-09-29,2026-09-29,ND,population
2008-01-01,NDPOP,657.569,2026-09-29,2026-09-29,ND,population
2009-01-01,NDPOP,664.968,2026-09-29,2026-09-29,ND,population
2010-01-01,NDPOP,674.752,2026-09-29,2026-09-29,ND,population
2011-01-01,NDPOP,685.526,2026-09-29,2026-09-29,ND,population
2012-01-01,NDPOP,702.227,2026-09-29,2026-09-29,ND,population
2013-01-01,NDPOP,723.149,2026-09-29,2026-09-29,ND,population
2014-01-01,NDPOP,738.736,2026-09-29,2026-09-29,ND,population
2015-01-01,NDPOP,755.537,2026-09-29,2026-09-29,ND,population
2016-01-01,NDPOP,756.114,2026-09-29,2026-09-29,ND,population
2017-01-01,NDPOP,756.755,2026-09-29,2026-09-29,ND,population
2018-01-01,NDPOP,760.062,2026-09-29,2026-09-29,ND,population
2019-01-01,NDPOP,763.724,2026-09-29,2026-09-29,ND,population
2020-01-01,NDPOP,779.612,2026-09-29,2026-09-29,ND,population
2021-01-01,NDPOP,777.977,2026-09-29,2026-09-29,ND,population
2022-01-01,NDPOP,780.191,2026-09-29,2026-09-29,ND,population
2023-01-01,NDPOP,787.071,2026-09-29,2026-09-29,ND,population
2024-01-01,NDPOP,793.387,2026-09-29,2026-09-29,ND,population
2025-01-01,NDPOP,799.358,2026-09-29,2026-09-29,ND,population
2000-01-01,OHPOP,11363.543,2026-09-29,2026-09-29,OH,population
2001-01-01,OHPOP,11387.404,2026-09-29,2026-09-29,OH,population
2002-01-01,OHPOP,11407.889,2026-09-29,2026-09-29,OH,population
2003-01-01,OHPOP,11434.788,2026-09-29,2026-09-29,OH,population
2004-01-01,OHPOP,11452.251,2026-09-29,2026-09-29,OH,population
2005-01-01,OHPOP,11463.32,2026-09-29,2026-09-29,OH,population
2006-01-01,OHPOP,11481.213,2026-09-29,2026-09-29,OH,population
2007-01-01,OHPOP,11500.468,2026-09-29,2026-09-29,OH,population
2008-01-01,OHPOP,11515.391,2026-09-29,2026-09-29,OH,population
2009-01-01,OHPOP,11528.896,2026-09-29,2026-09-29,OH,population
2010-01-01,OHPOP,11539.449,2026-09-29,2026-09-29,OH,population
2011-01-01,OHPOP,11545.735,2026-09-29,2026-09-29,OH,population
2012-01-01,OHPOP,11550.971,2026-09-29,2026-09-29,OH,population
2013-01-01,OHPOP,11579.692,2026-09-29,2026-09-29,OH,population
2014-01-01,OHPOP,11606.573,2026-09-29,2026-09-29,OH,population
2015-01-01,OHPOP,11622.315,2026-09-29,2026-09-29,OH,population
2016-01-01,OHPOP,11640.06,2026-09-29,2026-09-29,OH,population
2017-01-01,OHPOP,11665.706,2026-09-29,2026-09-29,OH,population
2018-01-01,OHPOP,11680.892,2026-09-29,2026-09-29,OH,population
2019-01-01,OHPOP,11696.507,2026-09-29,2026-09-29,OH,population
2020-01-01,OHPOP,11798.534,2026-09-29,2026-09-29,OH,population
2021-01-01,OHPOP,11761.443,2026-09-29,2026-09-29,OH,population
2022-01-01,OHPOP,11764.95,2026-09-29,2026-09-29,OH,population
2023-01-01,OHPOP,11808.39,2026-09-29,2026-09-29,OH,population
2024-01-01,OHPOP,11860.621,2026-09-29,2026-09-29,OH,population
2025-01-01,OHPOP,11900.51,2026-09-29,2026-09-29,OH,population
2000-01-01,OKPOP,3454.365,2026-09-29,2026-09-29,OK,population
2001-01-01,OKPOP,3467.1,2026-09-29,2026-09-29,OK,population
2002-01-01,OKPOP,3489.08,2026-09-29,2026-09-29,OK,population
2003-01-01,OKPOP,3504.892,2026-09-29,2026-09-29,OK,population
2004-01-01,OKPOP,3525.233,2026-09-29,2026-09-29,OK,population
2005-01-01,OKPOP,3548.597,2026-09-29,2026-09-29,OK,population
2006-01-01,OKPOP,3594.09,2026-09-29,2026-09-29,OK,population
2007-01-01,OKPOP,3634.349,2026-09-29,2026-09-29,OK,population
2008-01-01,OKPOP,3668.976,2026-09-29,2026-09-29,OK,population
2009-01-01,OKPOP,3717.572,2026-09-29,2026-09-29,OK,population
2010-01-01,OKPOP,3760.014,2026-09-29,2026-09-29,OK,population
2011-01-01,OKPOP,3788.824,2026-09-29,2026-09-29,OK,population
2012-01-01,OKPOP,3819.32,2026-09-29,2026-09-29,OK,population
2013-01-01,OKPOP,3853.891,2026-09-29,2026-09-29,OK,population
2014-01-01,OKPOP,3879.187,2026-09-29,2026-09-29,OK,population
2015-01-01,OKPOP,3910.518,2026-09-29,2026-09-29,OK,population
2016-01-01,OKPOP,3928.143,2026-09-29,2026-09-29,OK,population
2017-01-01,OKPOP,3933.602,2026-09-29,2026-09-29,OK,population
2018-01-01,OKPOP,3943.488,2026-09-29,2026-09-29,OK,population
2019-01-01,OKPOP,3960.676,2026-09-29,2026-09-29,OK,population
2020-01-01,OKPOP,3965.243,2026-09-29,2026-09-29,OK,population
2021-01-01,OKPOP,3992.76,2026-09-29,2026-09-29,OK,population
2022-01-01,OKPOP,4025.327,2026-09-29,2026-09-29,OK,population
2023-01-01,OKPOP,4062.716,2026-09-29,2026-09-29,OK,population
2024-01-01,OKPOP,4097.758,2026-09-29,2026-09-29,OK,population
2025-01-01,OKPOP,4123.288,2026-09-29,2026-09-29,OK,population
2000-01-01,ORPOP,3429.708,2026-09-29,2026-09-29,OR,population
2001-01-01,ORPOP,3467.937,2026-09-29,2026-09-29,OR,population
2002-01-01,ORPOP,3513.424,2026-09-29,2026-09-29,OR,population
2003-01-01,ORPOP,3547.376,2026-09-29,2026-09-29,OR,population
2004-01-01,ORPOP,3569.463,2026-09-29,2026-09-29,OR,population
2005-01-01,ORPOP,3613.202,2026-09-29,2026-09-29,OR,population
2006-01-01,ORPOP,3670.883,2026-09-29,2026-09-29,OR,population
2007-01-01,ORPOP,3722.417,2026-09-29,2026-09-29,OR,population
2008-01-01,ORPOP,3768.748,2026-09-29,2026-09-29,OR,population
2009-01-01,ORPOP,3808.6,2026-09-29,2026-09-29,OR,population
2010-01-01,ORPOP,3837.614,2026-09-29,2026-09-29,OR,population
2011-01-01,ORPOP,3872.672,2026-09-29,2026-09-29,OR,population
2012-01-01,ORPOP,3900.102,2026-09-29,2026-09-29,OR,population
2013-01-01,ORPOP,3924.11,2026-09-29,2026-09-29,OR,population
2014-01-01,ORPOP,3965.447,2026-09-29,2026-09-29,OR,population
2015-01-01,ORPOP,4018.542,2026-09-29,2026-09-29,OR,population
2016-01-01,ORPOP,4093.271,2026-09-29,2026-09-29,OR,population
2017-01-01,ORPOP,4147.294,2026-09-29,2026-09-29,OR,population
2018-01-01,ORPOP,4183.538,2026-09-29,2026-09-29,OR,population
2019-01-01,ORPOP,4216.116,2026-09-29,2026-09-29,OR,population
2020-01-01,ORPOP,4243.544,2026-09-29,2026-09-29,OR,population
2021-01-01,ORPOP,4254.691,2026-09-29,2026-09-29,OR,population
2022-01-01,ORPOP,4245.964,2026-09-29,2026-09-29,OR,population
2023-01-01,ORPOP,4250.392,2026-09-29,2026-09-29,OR,population
2024-01-01,ORPOP,4265.324,2026-09-29,2026-09-29,OR,population
2025-01-01,ORPOP,4273.586,2026-09-29,2026-09-29,OR,population
2000-01-01,PAPOP,12284.173,2026-09-29,2026-09-29,PA,population
2001-01-01,PAPOP,12298.97,2026-09-29,2026-09-29,PA,population
2002-01-01,PAPOP,12331.031,2026-09-29,2026-09-29,PA,population
2003-01-01,PAPOP,12374.658,2026-09-29,2026-09-29,PA,population
2004-01-01,PAPOP,12410.722,2026-09-29,2026-09-29,PA,population
2005-01-01,PAPOP,12449.99,2026-09-29,2026-09-29,PA,population
2006-01-01,PAPOP,12510.809,2026-09-29,2026-09-29,PA,population
2007-01-01,PAPOP,12563.937,2026-09-29,2026-09-29,PA,population
2008-01-01,PAPOP,12612.285,2026-09-29,2026-09-29,PA,population
2009-01-01,PAPOP,12666.858,2026-09-29,2026-09-29,PA,population
2010-01-01,PAPOP,12711.406,2026-09-29,2026-09-29,PA,population
2011-01-01,PAPOP,12747.052,2026-09-29,2026-09-29,PA,population
2012-01-01,PAPOP,12769.123,2026-09-29,2026-09-29,PA,population
2013-01-01,PAPOP,12779.538,2026-09-29,2026-09-29,PA,population
2014-01-01,PAPOP,12792.392,2026-09-29,2026-09-29,PA,population
2015-01-01,PAPOP,12789.838,2026-09-29,2026-09-29,PA,population
2016-01-01,PAPOP,12788.468,2026-09-29,2026-09-29,PA,population
2017-01-01,PAPOP,12794.679,2026-09-29,2026-09-29,PA,population
2018-01-01,PAPOP,12809.107,2026-09-29,2026-09-29,PA,population
2019-01-01,PAPOP,12798.883,2026-09-29,2026-09-29,PA,population
2020-01-01,PAPOP,12995.576,2026-09-29,2026-09-29,PA,population
2021-01-01,PAPOP,13016.628,2026-09-29,2026-09-29,PA,population
2022-01-01,PAPOP,12984.655,2026-09-29,2026-09-29,PA,population
2023-01-01,PAPOP,13009.406,2026-09-29,2026-09-29,PA,population
2024-01-01,PAPOP,13045.848,2026-09-29,2026-09-29,PA,population
2025-01-01,PAPOP,13059.432,2026-09-29,2026-09-29,PA,population
2000-01-01,RIPOP,1050.268,2026-09-29,2026-09-29,RI,population
2001-01-01,RIPOP,1057.142,2026-09-29,2026-09-29,RI,population
2002-01-01,RIPOP,1065.995,2026-09-29,2026-09-29,RI,population
2003-01-01,RIPOP,1071.342,2026-09-29,2026-09-29,RI,population
2004-01-01,RIPOP,1074.579,2026-09-29,2026-09-29,RI,population
2005-01-01,RIPOP,1067.916,2026-09-29,2026-09-29,RI,population
2006-01-01,RIPOP,1063.096,2026-09-29,2026-09-29,RI,population
2007-01-01,RIPOP,1057.315,2026-09-29,2026-09-29,RI,population
2008-01-01,RIPOP,1055.003,2026-09-29,2026-09-29,RI,population
2009-01-01,RIPOP,1053.646,2026-09-29,2026-09-29,RI,population
2010-01-01,RIPOP,1053.994,2026-09-29,2026-09-29,RI,population
2011-01-01,RIPOP,1053.829,2026-09-29,2026-09-29,RI,population
2012-01-01,RIPOP,1054.893,2026-09-29,2026-09-29,RI,population
2013-01-01,RIPOP,1055.56,2026-09-29,2026-09-29,RI,population
2014-01-01,RIPOP,1056.511,2026-09-29,2026-09-29,RI,population
2015-01-01,RIPOP,1056.886,2026-09-29,2026-09-29,RI,population
2016-01-01,RIPOP,1057.816,2026-09-29,2026-09-29,RI,population
2017-01-01,RIPOP,1056.554,2026-09-29,2026-09-29,RI,population
2018-01-01,RIPOP,1059.338,2026-09-29,2026-09-29,RI,population
2019-01-01,RIPOP,1058.158,2026-09-29,2026-09-29,RI,population
2020-01-01,RIPOP,1096.487,2026-09-29,2026-09-29,RI,population
2021-01-01,RIPOP,1097.381,2026-09-29,2026-09-29,RI,population
2022-01-01,RIPOP,1098.275,2026-09-29,2026-09-29,RI,population
2023-01-01,RIPOP,1101.183,2026-09-29,2026-09-29,RI,population
2024-01-01,RIPOP,1110.415,2026-09-29,2026-09-29,RI,population
2025-01-01,RIPOP,1114.521,2026-09-29,2026-09-29,RI,population
2000-01-01,SCPOP,4024.223,2026-09-29,2026-09-29,SC,population
2001-01-01,SCPOP,4064.995,2026-09-29,2026-09-29,SC,population
2002-01-01,SCPOP,4107.795,2026-09-29,2026-09-29,SC,population
2003-01-01,SCPOP,4150.297,2026-09-29,2026-09-29,SC,population
2004-01-01,SCPOP,4210.921,2026-09-29,2026-09-29,SC,population
2005-01-01,SCPOP,4270.15,2026-09-29,2026-09-29,SC,population
2006-01-01,SCPOP,4357.847,2026-09-29,2026-09-29,SC,population
2007-01-01,SCPOP,4444.11,2026-09-29,2026-09-29,SC,population
2008-01-01,SCPOP,4528.996,2026-09-29,2026-09-29,SC,population
2009-01-01,SCPOP,4589.872,2026-09-29,2026-09-29,SC,population
2010-01-01,SCPOP,4635.846,2026-09-29,2026-09-29,SC,population
2011-01-01,SCPOP,4672.655,2026-09-29,2026-09-29,SC,population
2012-01-01,SCPOP,4719.027,2026-09-29,2026-09-29,SC,population
2013-01-01,SCPOP,4766.469,2026-09-29,2026-09-29,SC,population
2014-01-01,SCPOP,4826.858,2026-09-29,2026-09-29,SC,population
2015-01-01,SCPOP,4896.006,2026-09-29,2026-09-29,SC,population
2016-01-01,SCPOP,4963.031,2026-09-29,2026-09-29,SC,population
2017-01-01,SCPOP,5027.102,2026-09-29,2026-09-29,SC,population
2018-01-01,SCPOP,5091.702,2026-09-29,2026-09-29,SC,population
2019-01-01,SCPOP,5157.702,2026-09-29,2026-09-29,SC,population
2020-01-01,SCPOP,5131.992,2026-09-29,2026-09-29,SC,population
2021-01-01,SCPOP,5194.346,2026-09-29,2026-09-29,SC,population
2022-01-01,SCPOP,5288.957,2026-09-29,2026-09-29,SC,population
2023-01-01,SCPOP,5390.798,2026-09-29,2026-09-29,SC,population
2024-01-01,SCPOP,5490.316,2026-09-29,2026-09-29,SC,population
2025-01-01,SCPOP,5570.274,2026-09-29,2026-09-29,SC,population
2000-01-01,SDPOP,755.844,2026-09-29,2026-09-29,SD,population
2001-01-01,SDPOP,757.972,2026-09-29,2026-09-29,SD,population
2002-01-01,SDPOP,760.02,2026-09-29,2026-09-29,SD,population
2003-01-01,SDPOP,763.729,2026-09-29,2026-09-29,SD,population
2004-01-01,SDPOP,770.396,2026-09-29,2026-09-29,SD,population
2005-01-01,SDPOP,775.493,2026-09-29,2026-09-29,SD,population
2006-01-01,SDPOP,783.033,2026-09-29,2026-09-29,SD,population
2007-01-01,SDPOP,791.623,2026-09-29,2026-09-29,SD,population
2008-01-01,SDPOP,799.124,2026-09-29,2026-09-29,SD,population
2009-01-01,SDPOP,807.067,2026-09-29,2026-09-29,SD,population
2010-01-01,SDPOP,816.193,2026-09-29,2026-09-29,SD,population
2011-01-01,SDPOP,823.74,2026-09-29,2026-09-29,SD,population
2012-01-01,SDPOP,833.859,2026-09-29,2026-09-29,SD,population
2013-01-01,SDPOP,842.751,2026-09-29,2026-09-29,SD,population
2014-01-01,SDPOP,849.67,2026-09-29,2026-09-29,SD,population
2015-01-01,SDPOP,854.663,2026-09-29,2026-09-29,SD,population
2016-01-01,SDPOP,863.693,2026-09-29,2026-09-29,SD,population
2017-01-01,SDPOP,873.732,2026-09-29,2026-09-29,SD,population
2018-01-01,SDPOP,879.386,2026-09-29,2026-09-29,SD,population
2019-01-01,SDPOP,887.127,2026-09-29,2026-09-29,SD,population
2020-01-01,SDPOP,887.808,2026-09-29,2026-09-29,SD,population
2021-01-01,SDPOP,896.303,2026-09-29,2026-09-29,SD,population
2022-01-01,SDPOP,909.156,2026-09-29,2026-09-29,SD,population
2023-01-01,SDPOP,917.739,2026-09-29,2026-09-29,SD,population
2024-01-01,SDPOP,927.11,2026-09-29,2026-09-29,SD,population
2025-01-01,SDPOP,935.094,2026-09-29,2026-09-29,SD,population
2000-01-01,TNPOP,5703.719,2026-09-29,2026-09-29,TN,population
2001-01-01,TNPOP,5750.789,2026-09-29,2026-09-29,TN,population
2002-01-01,TNPOP,5795.918,2026-09-29,2026-09-29,TN,population
2003-01-01,TNPOP,5847.812,2026-09-29,2026-09-29,TN,population
2004-01-01,TNPOP,5910.809,2026-09-29,2026-09-29,TN,population
2005-01-01,TNPOP,5991.057,2026-09-29,2026-09-29,TN,population
2006-01-01,TNPOP,6088.766,2026-09-29,2026-09-29,TN,population
2007-01-01,TNPOP,6175.727,2026-09-29,2026-09-29,TN,population
2008-01-01,TNPOP,6247.411,2026-09-29,2026-09-29,TN,population
2009-01-01,TNPOP,6306.019,2026-09-29,2026-09-29,TN,population
2010-01-01,TNPOP,6355.518,2026-09-29,2026-09-29,TN,population
2011-01-01,TNPOP,6400.298,2026-09-29,2026-09-29,TN,population
2012-01-01,TNPOP,6455.752,2026-09-29,2026-09-29,TN,population
2013-01-01,TNPOP,6496.943,2026-09-29,2026-09-29,TN,population
2014-01-01,TNPOP,6544.617,2026-09-29,2026-09-29,TN,population
2015-01-01,TNPOP,6595.354,2026-09-29,2026-09-29,TN,population
2016-01-01,TNPOP,6651.277,2026-09-29,2026-09-29,TN,population
2017-01-01,TNPOP,6714.748,2026-09-29,2026-09-29,TN,population
2018-01-01,TNPOP,6778.18,2026-09-29,2026-09-29,TN,population
2019-01-01,TNPOP,6830.325,2026-09-29,2026-09-29,TN,population
2020-01-01,TNPOP,6927.736,2026-09-29,2026-09-29,TN,population
2021-01-01,TNPOP,6966.687,2026-09-29,2026-09-29,TN,population
2022-01-01,TNPOP,7063.325,2026-09-29,2026-09-29,TN,population
2023-01-01,TNPOP,7153.029,2026-09-29,2026-09-29,TN,population
2024-01-01,TNPOP,7251.291,2026-09-29,2026-09-29,TN,population
2025-01-01,TNPOP,7315.076,2026-09-29,2026-09-29,TN,population
2000-01-01,TXPOP,20944.499,2026-09-29,2026-09-29,TX,population
2001-01-01,TXPOP,21319.622,2026-09-29,2026-09-29,TX,population
2002-01-01,TXPOP,21690.325,2026-09-29,2026-09-29,TX,population
2003-01-01,TXPOP,22030.931,2026-09-29,2026-09-29,TX,population
2004-01-01,TXPOP,22394.023,2026-09-29,2026-09-29,TX,population
2005-01-01,TXPOP,22778.123,2026-09-29,2026-09-29,TX,population
2006-01-01,TXPOP,23359.58,2026-09-29,2026-09-29,TX,population
2007-01-01,TXPOP,23831.983,2026-09-29,2026-09-29,TX,population
2008-01-01,TXPOP,24309.039,2026-09-29,2026-09-29,TX,population
2009-01-01,TXPOP,24801.761,2026-09-29,2026-09-29,TX,population
2010-01-01,TXPOP,25241.897,2026-09-29,2026-09-29,TX,population
2011-01-01,TXPOP,25645.504,2026-09-29,2026-09-29,TX,population
2012-01-01,TXPOP,26084.12,2026-09-29,2026-09-29,TX,population
2013-01-01,TXPOP,26479.646,2026-09-29,2026-09-29,TX,population
2014-01-01,TXPOP,26963.092,2026-09-29,2026-09-29,TX,population
2015-01-01,TXPOP,27468.531,2026-09-29,2026-09-29,TX,population
2016-01-01,TXPOP,27914.064,2026-09-29,2026-09-29,TX,population
2017-01-01,TXPOP,28291.024,2026-09-29,2026-09-29,TX,population
2018-01-01,TXPOP,28624.564,2026-09-29,2026-09-29,TX,population
2019-01-01,TXPOP,28986.794,2026-09-29,2026-09-29,TX,population
2020-01-01,TXPOP,29237.895,2026-09-29,2026-09-29,TX,population
2021-01-01,TXPOP,29572.672,2026-09-29,2026-09-29,TX,population
2022-01-01,TXPOP,30118.002,2026-09-29,2026-09-29,TX,population
2023-01-01,TXPOP,30719.247,2026-09-29,2026-09-29,TX,population
2024-01-01,TXPOP,31318.578,2026-09-29,2026-09-29,TX,population
2025-01-01,TXPOP,31709.821,2026-09-29,2026-09-29,TX,population
2000-01-01,UTPOP,2244.502,2026-09-29,2026-09-29,UT,population
2001-01-01,UTPOP,2283.715,2026-09-29,2026-09-29,UT,population
2002-01-01,UTPOP,2324.815,2026-09-29,2026-09-29,UT,population
2003-01-01,UTPOP,2360.137,2026-09-29,2026-09-29,UT,population
2004-01-01,UTPOP,2401.58,2026-09-29,2026-09-29,UT,population
2005-01-01,UTPOP,2457.719,2026-09-29,2026-09-29,UT,population
2006-01-01,UTPOP,2525.507,2026-09-29,2026-09-29,UT,population
2007-01-01,UTPOP,2597.746,2026-09-29,2026-09-29,UT,population
2008-01-01,UTPOP,2663.029,2026-09-29,2026-09-29,UT,population
2009-01-01,UTPOP,2723.421,2026-09-29,2026-09-29,UT,population
2010-01-01,UTPOP,2775.413,2026-09-29,2026-09-29,UT,population
2011-01-01,UTPOP,2814.797,2026-09-29,2026-09-29,UT,population
2012-01-01,UTPOP,2854.146,2026-09-29,2026-09-29,UT,population
2013-01-01,UTPOP,2898.773,2026-09-29,2026-09-29,UT,population
2014-01-01,UTPOP,2938.327,2026-09-29,2026-09-29,UT,population
2015-01-01,UTPOP,2983.626,2026-09-29,2026-09-29,UT,population
2016-01-01,UTPOP,3044.241,2026-09-29,2026-09-29,UT,population
2017-01-01,UTPOP,3103.54,2026-09-29,2026-09-29,UT,population
2018-01-01,UTPOP,3155.153,2026-09-29,2026-09-29,UT,population
2019-01-01,UTPOP,3203.383,2026-09-29,2026-09-29,UT,population
2020-01-01,UTPOP,3283.97,2026-09-29,2026-09-29,UT,population
2021-01-01,UTPOP,3339.874,2026-09-29,2026-09-29,UT,population
2022-01-01,UTPOP,3393.928,2026-09-29,2026-09-29,UT,population
2023-01-01,UTPOP,3449.259,2026-09-29,2026-09-29,UT,population
2024-01-01,UTPOP,3502.983,2026-09-29,2026-09-29,UT,population
2025-01-01,UTPOP,3538.904,2026-09-29,2026-09-29,UT,population
2000-01-01,VTPOP,609.618,2026-09-29,2026-09-29,VT,population
2001-01-01,VTPOP,612.223,2026-09-29,2026-09-29,VT,population
2002-01-01,VTPOP,615.442,2026-09-29,2026-09-29,VT,population
2003-01-01,VTPOP,617.858,2026-09-29,2026-09-29,VT,population
2004-01-01,VTPOP,619.92,2026-09-29,2026-09-29,VT,population
2005-01-01,VTPOP,621.215,2026-09-29,2026-09-29,VT,population
2006-01-01,VTPOP,622.892,2026-09-29,2026-09-29,VT,population
2007-01-01,VTPOP,623.481,2026-09-29,2026-09-29,VT,population
2008-01-01,VTPOP,624.151,2026-09-29,2026-09-29,VT,population
2009-01-01,VTPOP,624.817,2026-09-29,2026-09-29,VT,population
2010-01-01,VTPOP,625.886,2026-09-29,2026-09-29,VT,population
2011-01-01,VTPOP,627.197,2026-09-29,2026-09-29,VT,population
2012-01-01,VTPOP,626.361,2026-09-29,2026-09-29,VT,population
2013-01-01,VTPOP,626.603,2026-09-29,2026-09-29,VT,population
2014-01-01,VTPOP,625.693,2026-09-29,2026-09-29,VT,population
2015-01-01,VTPOP,625.81,2026-09-29,2026-09-29,VT,population
2016-01-01,VTPOP,624.366,2026-09-29,2026-09-29,VT,population
2017-01-01,VTPOP,625.132,2026-09-29,2026-09-29,VT,population
2018-01-01,VTPOP,624.802,2026-09-29,2026-09-29,VT,population
2019-01-01,VTPOP,624.046,2026-09-29,2026-09-29,VT,population
2020-01-01,VTPOP,642.965,2026-09-29,2026-09-29,VT,population
2021-01-01,VTPOP,647.238,2026-09-29,2026-09-29,VT,population
2022-01-01,VTPOP,647.614,2026-09-29,2026-09-29,VT,population
2023-01-01,VTPOP,647.722,2026-09-29,2026-09-29,VT,population
2024-01-01,VTPOP,646.521,2026-09-29,2026-09-29,VT,population
2025-01-01,VTPOP,644.663,2026-09-29,2026-09-29,VT,population
2000-01-01,VAPOP,7105.817,2026-09-29,2026-09-29,VA,population
2001-01-01,VAPOP,7198.362,2026-09-29,2026-09-29,VA,population
2002-01-01,VAPOP,7286.873,2026-09-29,2026-09-29,VA,population
2003-01-01,VAPOP,7366.977,2026-09-29,2026-09-29,VA,population
2004-01-01,VAPOP,7475.575,2026-09-29,2026-09-29,VA,population
2005-01-01,VAPOP,7577.105,2026-09-29,2026-09-29,VA,population
2006-01-01,VAPOP,7673.725,2026-09-29,2026-09-29,VA,population
2007-01-01,VAPOP,7751,2026-09-29,2026-09-29,VA,population
2008-01-01,VAPOP,7833.496,2026-09-29,2026-09-29,VA,population
2009-01-01,VAPOP,7925.937,2026-09-29,2026-09-29,VA,population
2010-01-01,VAPOP,8024.004,2026-09-29,2026-09-29,VA,population
2011-01-01,VAPOP,8102.437,2026-09-29,2026-09-29,VA,population
2012-01-01,VAPOP,8187.456,2026-09-29,2026-09-29,VA,population
2013-01-01,VAPOP,8255.861,2026-09-29,2026-09-29,VA,population
2014-01-01,VAPOP,8315.43,2026-09-29,2026-09-29,VA,population
2015-01-01,VAPOP,8367.303,2026-09-29,2026-09-29,VA,population
2016-01-01,VAPOP,8417.651,2026-09-29,2026-09-29,VA,population
2017-01-01,VAPOP,8471.011,2026-09-29,2026-09-29,VA,population
2018-01-01,VAPOP,8510.92,2026-09-29,2026-09-29,VA,population
2019-01-01,VAPOP,8556.642,2026-09-29,2026-09-29,VA,population
2020-01-01,VAPOP,8637.303,2026-09-29,2026-09-29,VA,population
2021-01-01,VAPOP,8660.007,2026-09-29,2026-09-29,VA,population
2022-01-01,VAPOP,8681.038,2026-09-29,2026-09-29,VA,population
2023-01-01,VAPOP,8732.034,2026-09-29,2026-09-29,VA,population
2024-01-01,VAPOP,8819.642,2026-09-29,2026-09-29,VA,population
2025-01-01,VAPOP,8880.107,2026-09-29,2026-09-29,VA,population
2000-01-01,WAPOP,5910.512,2026-09-29,2026-09-29,WA,population
2001-01-01,WAPOP,5985.722,2026-09-29,2026-09-29,WA,population
2002-01-01,WAPOP,6052.349,2026-09-29,2026-09-29,WA,population
2003-01-01,WAPOP,6104.115,2026-09-29,2026-09-29,WA,population
2004-01-01,WAPOP,6178.645,2026-09-29,2026-09-29,WA,population
2005-01-01,WAPOP,6257.305,2026-09-29,2026-09-29,WA,population
2006-01-01,WAPOP,6370.753,2026-09-29,2026-09-29,WA,population
2007-01-01,WAPOP,6461.587,2026-09-29,2026-09-29,WA,population
2008-01-01,WAPOP,6562.231,2026-09-29,2026-09-29,WA,population
2009-01-01,WAPOP,6667.426,2026-09-29,2026-09-29,WA,population
2010-01-01,WAPOP,6743.009,2026-09-29,2026-09-29,WA,population
2011-01-01,WAPOP,6827.479,2026-09-29,2026-09-29,WA,population
2012-01-01,WAPOP,6898.599,2026-09-29,2026-09-29,WA,population
2013-01-01,WAPOP,6966.252,2026-09-29,2026-09-29,WA,population
2014-01-01,WAPOP,7057.531,2026-09-29,2026-09-29,WA,population
2015-01-01,WAPOP,7167.287,2026-09-29,2026-09-29,WA,population
2016-01-01,WAPOP,7299.961,2026-09-29,2026-09-29,WA,population
2017-01-01,WAPOP,7427.951,2026-09-29,2026-09-29,WA,population
2018-01-01,WAPOP,7526.793,2026-09-29,2026-09-29,WA,population
2019-01-01,WAPOP,7614.024,2026-09-29,2026-09-29,WA,population
2020-01-01,WAPOP,7726.812,2026-09-29,2026-09-29,WA,population
2021-01-01,WAPOP,7744.316,2026-09-29,2026-09-29,WA,population
2022-01-01,WAPOP,7786.828,2026-09-29,2026-09-29,WA,population
2023-01-01,WAPOP,7838.655,2026-09-29,2026-09-29,WA,population
2024-01-01,WAPOP,7927.958,2026-09-29,2026-09-29,WA,population
2025-01-01,WAPOP,8001.02,2026-09-29,2026-09-29,WA,population
2000-01-01,WVPOP,1807.021,2026-09-29,2026-09-29,WV,population
2001-01-01,WVPOP,1801.481,2026-09-29,2026-09-29,WV,population
2002-01-01,WVPOP,1805.414,2026-09-29,2026-09-29,WV,population
2003-01-01,WVPOP,1812.295,2026-09-29,2026-09-29,WV,population
2004-01-01,WVPOP,1816.438,2026-09-29,2026-09-29,WV,population
2005-01-01,WVPOP,1820.492,2026-09-29,2026-09-29,WV,population
2006-01-01,WVPOP,1827.912,2026-09-29,2026-09-29,WV,population
2007-01-01,WVPOP,1834.052,2026-09-29,2026-09-29,WV,population
2008-01-01,WVPOP,1840.31,2026-09-29,2026-09-29,WV,population
2009-01-01,WVPOP,1847.775,2026-09-29,2026-09-29,WV,population
2010-01-01,WVPOP,1854.265,2026-09-29,2026-09-29,WV,population
2011-01-01,WVPOP,1856.606,2026-09-29,2026-09-29,WV,population
2012-01-01,WVPOP,1857.446,2026-09-29,2026-09-29,WV,population
2013-01-01,WVPOP,1854.768,2026-09-29,2026-09-29,WV,population
2014-01-01,WVPOP,1850.569,2026-09-29,2026-09-29,WV,population
2015-01-01,WVPOP,1843.332,2026-09-29,2026-09-29,WV,population
2016-01-01,WVPOP,1832.435,2026-09-29,2026-09-29,WV,population
2017-01-01,WVPOP,1818.683,2026-09-29,2026-09-29,WV,population
2018-01-01,WVPOP,1805.953,2026-09-29,2026-09-29,WV,population
2019-01-01,WVPOP,1795.263,2026-09-29,2026-09-29,WV,population
2020-01-01,WVPOP,1791.67,2026-09-29,2026-09-29,WV,population
2021-01-01,WVPOP,1785.921,2026-09-29,2026-09-29,WV,population
2022-01-01,WVPOP,1774.003,2026-09-29,2026-09-29,WV,population
2023-01-01,WVPOP,1770.036,2026-09-29,2026-09-29,WV,population
2024-01-01,WVPOP,1767.402,2026-09-29,2026-09-29,WV,population
2025-01-01,WVPOP,1766.147,2026-09-29,2026-09-29,WV,population
2000-01-01,WIPOP,5373.999,2026-09-29,2026-09-29,WI,population
2001-01-01,WIPOP,5406.835,2026-09-29,2026-09-29,WI,population
2002-01-01,WIPOP,5445.162,2026-09-29,2026-09-29,WI,population
2003-01-01,WIPOP,5479.203,2026-09-29,2026-09-29,WI,population
2004-01-01,WIPOP,5514.026,2026-09-29,2026-09-29,WI,population
2005-01-01,WIPOP,5546.166,2026-09-29,2026-09-29,WI,population
2006-01-01,WIPOP,5577.655,2026-09-29,2026-09-29,WI,population
2007-01-01,WIPOP,5610.775,2026-09-29,2026-09-29,WI,population
2008-01-01,WIPOP,5640.996,2026-09-29,2026-09-29,WI,population
2009-01-01,WIPOP,5669.264,2026-09-29,2026-09-29,WI,population
2010-01-01,WIPOP,5690.538,2026-09-29,2026-09-29,WI,population
2011-01-01,WIPOP,5705.84,2026-09-29,2026-09-29,WI,population
2012-01-01,WIPOP,5720.825,2026-09-29,2026-09-29,WI,population
2013-01-01,WIPOP,5738.012,2026-09-29,2026-09-29,WI,population
2014-01-01,WIPOP,5753.199,2026-09-29,2026-09-29,WI,population
2015-01-01,WIPOP,5762.927,2026-09-29,2026-09-29,WI,population
2016-01-01,WIPOP,5775.17,2026-09-29,2026-09-29,WI,population
2017-01-01,WIPOP,5793.147,2026-09-29,2026-09-29,WI,population
2018-01-01,WIPOP,5809.319,2026-09-29,2026-09-29,WI,population
2019-01-01,WIPOP,5824.581,2026-09-29,2026-09-29,WI,population
2020-01-01,WIPOP,5897.371,2026-09-29,2026-09-29,WI,population
2021-01-01,WIPOP,5882.128,2026-09-29,2026-09-29,WI,population
2022-01-01,WIPOP,5903.472,2026-09-29,2026-09-29,WI,population
2023-01-01,WIPOP,5930.35,2026-09-29,2026-09-29,WI,population
2024-01-01,WIPOP,5957.168,2026-09-29,2026-09-29,WI,population
2025-01-01,WIPOP,5972.787,2026-09-29,2026-09-29,WI,population
2000-01-01,WYPOP,494.3,2026-09-29,2026-09-29,WY,population
2001-01-01,WYPOP,494.657,2026-09-29,2026-09-29,WY,population
2002-01-01,WYPOP,500.017,2026-09-29,2026-09-29,WY,population
2003-01-01,WYPOP,503.453,2026-09-29,2026-09-29,WY,population
2004-01-01,WYPOP,509.106,2026-09-29,2026-09-29,WY,population
2005-01-01,WYPOP,514.157,2026-09-29,2026-09-29,WY,population
2006-01-01,WYPOP,522.667,2026-09-29,2026-09-29,WY,population
2007-01-01,WYPOP,534.876,2026-09-29,2026-09-29,WY,population
2008-01-01,WYPOP,546.043,2026-09-29,2026-09-29,WY,population
2009-01-01,WYPOP,559.851,2026-09-29,2026-09-29,WY,population
2010-01-01,WYPOP,564.531,2026-09-29,2026-09-29,WY,population
2011-01-01,WYPOP,567.491,2026-09-29,2026-09-29,WY,population
2012-01-01,WYPOP,576.656,2026-09-29,2026-09-29,WY,population
2013-01-01,WYPOP,582.62,2026-09-29,2026-09-29,WY,population
2014-01-01,WYPOP,583.159,2026-09-29,2026-09-29,WY,population
2015-01-01,WYPOP,586.389,2026-09-29,2026-09-29,WY,population
2016-01-01,WYPOP,585.243,2026-09-29,2026-09-29,WY,population
2017-01-01,WYPOP,579.994,2026-09-29,2026-09-29,WY,population
2018-01-01,WYPOP,579.054,2026-09-29,2026-09-29,WY,population
2019-01-01,WYPOP,580.116,2026-09-29,2026-09-29,WY,population
2020-01-01,WYPOP,577.669,2026-09-29,2026-09-29,WY,population
2021-01-01,WYPOP,579.662,2026-09-29,2026-09-29,WY,population
2022-01-01,WYPOP,581.742,2026-09-29,2026-09-29,WY,population
2023-01-01,WYPOP,584.666,2026-09-29,2026-09-29,WY,population
2024-01-01,WYPOP,586.722,2026-09-29,2026-09-29,WY,population
2025-01-01,WYPOP,588.753,2026-09-29,2026-09-29,WY,population
2000-01-01,ALPCPI,24258,2026-09-29,2026-09-29,AL,income_per_capita
2001-01-01,ALPCPI,25046,2026-09-29,2026-09-29,AL,income_per_capita
2002-01-01,ALPCPI,25671,2026-09-29,2026-09-29,AL,income_per_capita
2003-01-01,ALPCPI,26700,2026-09-29,2026-09-29,AL,income_per_capita
2004-01-01,ALPCPI,28385,2026-09-29,2026-09-29,AL,income_per_capita
2005-01-01,ALPCPI,29780,2026-09-29,2026-09-29,AL,income_per_capita
2006-01-01,ALPCPI,31264,2026-09-29,2026-09-29,AL,income_per_capita
2007-01-01,ALPCPI,32516,2026-09-29,2026-09-29,AL,income_per_capita
2008-01-01,ALPCPI,33441,2026-09-29,2026-09-29,AL,income_per_capita
2009-01-01,ALPCPI,32717,2026-09-29,2026-09-29,AL,income_per_capita
2010-01-01,ALPCPI,33848,2026-09-29,2026-09-29,AL,income_per_capita
2011-01-01,ALPCPI,34884,2026-09-29,2026-09-29,AL,income_per_capita
2012-01-01,ALPCPI,35559,2026-09-29,2026-09-29,AL,income_per_capita
2013-01-01,ALPCPI,35706,2026-09-29,2026-09-29,AL,income_per_capita
2014-01-01,ALPCPI,36722,2026-09-29,2026-09-29,AL,income_per_capita
2015-01-01,ALPCPI,38189,2026-09-29,2026-09-29,AL,income_per_capita
2016-01-01,ALPCPI,38704,2026-09-29,2026-09-29,AL,income_per_capita
2017-01-01,ALPCPI,39968,2026-09-29,2026-09-29,AL,income_per_capita
2018-01-01,ALPCPI,41324,2026-09-29,2026-09-29,AL,income_per_capita
2019-01-01,ALPCPI,42998,2026-09-29,2026-09-29,AL,income_per_capita
2020-01-01,ALPCPI,45873,2026-09-29,2026-09-29,AL,income_per_capita
2021-01-01,ALPCPI,50630,2026-09-29,2026-09-29,AL,income_per_capita
2022-01-01,ALPCPI,51690,2026-09-29,2026-09-29,AL,income_per_capita
2023-01-01,ALPCPI,54610,2026-09-29,2026-09-29,AL,income_per_capita
2024-01-01,ALPCPI,57251,2026-09-29,2026-09-29,AL,income_per_capita
2025-01-01,ALPCPI,59677,2026-09-29,2026-09-29,AL,income_per_capita
2000-01-01,AKPCPI,31996,2026-09-29,2026-09-29,AK,income_per_capita
2001-01-01,AKPCPI,33591,2026-09-29,2026-09-29,AK,income_per_capita
2002-01-01,AKPCPI,34766,2026-09-29,2026-09-29,AK,income_per_capita
2003-01-01,AKPCPI,36045,2026-09-29,2026-09-29,AK,income_per_capita
2004-01-01,AKPCPI,37054,2026-09-29,2026-09-29,AK,income_per_capita
2005-01-01,AKPCPI,39013,2026-09-29,2026-09-29,AK,income_per_capita
2006-01-01,AKPCPI,41013,2026-09-29,2026-09-29,AK,income_per_capita
2007-01-01,AKPCPI,43747,2026-09-29,2026-09-29,AK,income_per_capita
2008-01-01,AKPCPI,47800,2026-09-29,2026-09-29,AK,income_per_capita
2009-01-01,AKPCPI,47211,2026-09-29,2026-09-29,AK,income_per_capita
2010-01-01,AKPCPI,49543,2026-09-29,2026-09-29,AK,income_per_capita
2011-01-01,AKPCPI,52415,2026-09-29,2026-09-29,AK,income_per_capita
2012-01-01,AKPCPI,53340,2026-09-29,2026-09-29,AK,income_per_capita
2013-01-01,AKPCPI,52252,2026-09-29,2026-09-29,AK,income_per_capita
2014-01-01,AKPCPI,55098,2026-09-29,2026-09-29,AK,income_per_capita
2015-01-01,AKPCPI,56714,2026-09-29,2026-09-29,AK,income_per_capita
2016-01-01,AKPCPI,55536,2026-09-29,2026-09-29,AK,income_per_capita
2017-01-01,AKPCPI,56500,2026-09-29,2026-09-29,AK,income_per_capita
2018-01-01,AKPCPI,58997,2026-09-29,2026-09-29,AK,income_per_capita
2019-01-01,AKPCPI,60504,2026-09-29,2026-09-29,AK,income_per_capita
2020-01-01,AKPCPI,61912,2026-09-29,2026-09-29,AK,income_per_capita
2021-01-01,AKPCPI,65788,2026-09-29,2026-09-29,AK,income_per_capita
2022-01-01,AKPCPI,69233,2026-09-29,2026-09-29,AK,income_per_capita
2023-01-01,AKPCPI,72581,2026-09-29,2026-09-29,AK,income_per_capita
2024-01-01,AKPCPI,76606,2026-09-29,2026-09-29,AK,income_per_capita
2025-01-01,AKPCPI,80175,2026-09-29,2026-09-29,AK,income_per_capita
2000-01-01,AZPCPI,26271,2026-09-29,2026-09-29,AZ,income_per_capita
2001-01-01,AZPCPI,26946,2026-09-29,2026-09-29,AZ,income_per_capita
2002-01-01,AZPCPI,27325,2026-09-29,2026-09-29,AZ,income_per_capita
2003-01-01,AZPCPI,28384,2026-09-29,2026-09-29,AZ,income_per_capita
2004-01-01,AZPCPI,30154,2026-09-29,2026-09-29,AZ,income_per_capita
2005-01-01,AZPCPI,32150,2026-09-29,2026-09-29,AZ,income_per_capita
2006-01-01,AZPCPI,34460,2026-09-29,2026-09-29,AZ,income_per_capita
2007-01-01,AZPCPI,35602,2026-09-29,2026-09-29,AZ,income_per_capita
2008-01-01,AZPCPI,35586,2026-09-29,2026-09-29,AZ,income_per_capita
2009-01-01,AZPCPI,33467,2026-09-29,2026-09-29,AZ,income_per_capita
2010-01-01,AZPCPI,33778,2026-09-29,2026-09-29,AZ,income_per_capita
2011-01-01,AZPCPI,35263,2026-09-29,2026-09-29,AZ,income_per_capita
2012-01-01,AZPCPI,36364,2026-09-29,2026-09-29,AZ,income_per_capita
2013-01-01,AZPCPI,36918,2026-09-29,2026-09-29,AZ,income_per_capita
2014-01-01,AZPCPI,38268,2026-09-29,2026-09-29,AZ,income_per_capita
2015-01-01,AZPCPI,39888,2026-09-29,2026-09-29,AZ,income_per_capita
2016-01-01,AZPCPI,41173,2026-09-29,2026-09-29,AZ,income_per_capita
2017-01-01,AZPCPI,43255,2026-09-29,2026-09-29,AZ,income_per_capita
2018-01-01,AZPCPI,45297,2026-09-29,2026-09-29,AZ,income_per_capita
2019-01-01,AZPCPI,47718,2026-09-29,2026-09-29,AZ,income_per_capita
2020-01-01,AZPCPI,52080,2026-09-29,2026-09-29,AZ,income_per_capita
2021-01-01,AZPCPI,57175,2026-09-29,2026-09-29,AZ,income_per_capita
2022-01-01,AZPCPI,59120,2026-09-29,2026-09-29,AZ,income_per_capita
2023-01-01,AZPCPI,63209,2026-09-29,2026-09-29,AZ,income_per_capita
2024-01-01,AZPCPI,66024,2026-09-29,2026-09-29,AZ,income_per_capita
2025-01-01,AZPCPI,68283,2026-09-29,2026-09-29,AZ,income_per_capita
2000-01-01,ARPCPI,22731,2026-09-29,2026-09-29,AR,income_per_capita
2001-01-01,ARPCPI,23841,2026-09-29,2026-09-29,AR,income_per_capita
2002-01-01,ARPCPI,24280,2026-09-29,2026-09-29,AR,income_per_capita
2003-01-01,ARPCPI,25564,2026-09-29,2026-09-29,AR,income_per_capita
2004-01-01,ARPCPI,27024,2026-09-29,2026-09-29,AR,income_per_capita
2005-01-01,ARPCPI,28043,2026-09-29,2026-09-29,AR,income_per_capita
2006-01-01,ARPCPI,29376,2026-09-29,2026-09-29,AR,income_per_capita
2007-01-01,ARPCPI,31036,2026-09-29,2026-09-29,AR,income_per_capita
2008-01-01,ARPCPI,32157,2026-09-29,2026-09-29,AR,income_per_capita
2009-01-01,ARPCPI,31411,2026-09-29,2026-09-29,AR,income_per_capita
2010-01-01,ARPCPI,32218,2026-09-29,2026-09-29,AR,income_per_capita
2011-01-01,ARPCPI,34181,2026-09-29,2026-09-29,AR,income_per_capita
2012-01-01,ARPCPI,36289,2026-09-29,2026-09-29,AR,income_per_capita
2013-01-01,ARPCPI,36286,2026-09-29,2026-09-29,AR,income_per_capita
2014-01-01,ARPCPI,38220,2026-09-29,2026-09-29,AR,income_per_capita
2015-01-01,ARPCPI,39267,2026-09-29,2026-09-29,AR,income_per_capita
2016-01-01,ARPCPI,40181,2026-09-29,2026-09-29,AR,income_per_capita
2017-01-01,ARPCPI,41403,2026-09-29,2026-09-29,AR,income_per_capita
2018-01-01,ARPCPI,43031,2026-09-29,2026-09-29,AR,income_per_capita
2019-01-01,ARPCPI,43737,2026-09-29,2026-09-29,AR,income_per_capita
2020-01-01,ARPCPI,47131,2026-09-29,2026-09-29,AR,income_per_capita
2021-01-01,ARPCPI,53349,2026-09-29,2026-09-29,AR,income_per_capita
2022-01-01,ARPCPI,53714,2026-09-29,2026-09-29,AR,income_per_capita
2023-01-01,ARPCPI,56540,2026-09-29,2026-09-29,AR,income_per_capita
2024-01-01,ARPCPI,59172,2026-09-29,2026-09-29,AR,income_per_capita
2025-01-01,ARPCPI,61752,2026-09-29,2026-09-29,AR,income_per_capita
2000-01-01,CAPCPI,33175,2026-09-29,2026-09-29,CA,income_per_capita
2001-01-01,CAPCPI,33915,2026-09-29,2026-09-29,CA,income_per_capita
2002-01-01,CAPCPI,34047,2026-09-29,2026-09-29,CA,income_per_capita
2003-01-01,CAPCPI,35191,2026-09-29,2026-09-29,CA,income_per_capita
2004-01-01,CAPCPI,36969,2026-09-29,2026-09-29,CA,income_per_capita
2005-01-01,CAPCPI,38737,2026-09-29,2026-09-29,CA,income_per_capita
2006-01-01,CAPCPI,41454,2026-09-29,2026-09-29,CA,income_per_capita
2007-01-01,CAPCPI,43070,2026-09-29,2026-09-29,CA,income_per_capita
2008-01-01,CAPCPI,43391,2026-09-29,2026-09-29,CA,income_per_capita
2009-01-01,CAPCPI,41660,2026-09-29,2026-09-29,CA,income_per_capita
2010-01-01,CAPCPI,43137,2026-09-29,2026-09-29,CA,income_per_capita
2011-01-01,CAPCPI,45508,2026-09-29,2026-09-29,CA,income_per_capita
2012-01-01,CAPCPI,47793,2026-09-29,2026-09-29,CA,income_per_capita
2013-01-01,CAPCPI,48074,2026-09-29,2026-09-29,CA,income_per_capita
2014-01-01,CAPCPI,50617,2026-09-29,2026-09-29,CA,income_per_capita
2015-01-01,CAPCPI,53816,2026-09-29,2026-09-29,CA,income_per_capita
2016-01-01,CAPCPI,55862,2026-09-29,2026-09-29,CA,income_per_capita
2017-01-01,CAPCPI,58214,2026-09-29,2026-09-29,CA,income_per_capita
2018-01-01,CAPCPI,60984,2026-09-29,2026-09-29,CA,income_per_capita
2019-01-01,CAPCPI,64219,2026-09-29,2026-09-29,CA,income_per_capita
2020-01-01,CAPCPI,70090,2026-09-29,2026-09-29,CA,income_per_capita
2021-01-01,CAPCPI,77113,2026-09-29,2026-09-29,CA,income_per_capita
2022-01-01,CAPCPI,77230,2026-09-29,2026-09-29,CA,income_per_capita
2023-01-01,CAPCPI,81231,2026-09-29,2026-09-29,CA,income_per_capita
2024-01-01,CAPCPI,86378,2026-09-29,2026-09-29,CA,income_per_capita
2025-01-01,CAPCPI,91116,2026-09-29,2026-09-29,CA,income_per_capita
2000-01-01,COPCPI,33872,2026-09-29,2026-09-29,CO,income_per_capita
2001-01-01,COPCPI,34812,2026-09-29,2026-09-29,CO,income_per_capita
2002-01-01,COPCPI,34405,2026-09-29,2026-09-29,CO,income_per_capita
2003-01-01,COPCPI,34757,2026-09-29,2026-09-29,CO,income_per_capita
2004-01-01,COPCPI,35753,2026-09-29,2026-09-29,CO,income_per_capita
2005-01-01,COPCPI,37619,2026-09-29,2026-09-29,CO,income_per_capita
2006-01-01,COPCPI,39869,2026-09-29,2026-09-29,CO,income_per_capita
2007-01-01,COPCPI,41760,2026-09-29,2026-09-29,CO,income_per_capita
2008-01-01,COPCPI,42961,2026-09-29,2026-09-29,CO,income_per_capita
2009-01-01,COPCPI,40258,2026-09-29,2026-09-29,CO,income_per_capita
2010-01-01,COPCPI,40827,2026-09-29,2026-09-29,CO,income_per_capita
2011-01-01,COPCPI,43735,2026-09-29,2026-09-29,CO,income_per_capita
2012-01-01,COPCPI,45495,2026-09-29,2026-09-29,CO,income_per_capita
2013-01-01,COPCPI,47088,2026-09-29,2026-09-29,CO,income_per_capita
2014-01-01,COPCPI,50251,2026-09-29,2026-09-29,CO,income_per_capita
2015-01-01,COPCPI,51401,2026-09-29,2026-09-29,CO,income_per_capita
2016-01-01,COPCPI,51312,2026-09-29,2026-09-29,CO,income_per_capita
2017-01-01,COPCPI,54176,2026-09-29,2026-09-29,CO,income_per_capita
2018-01-01,COPCPI,57798,2026-09-29,2026-09-29,CO,income_per_capita
2019-01-01,COPCPI,61278,2026-09-29,2026-09-29,CO,income_per_capita
2020-01-01,COPCPI,64707,2026-09-29,2026-09-29,CO,income_per_capita
2021-01-01,COPCPI,71924,2026-09-29,2026-09-29,CO,income_per_capita
2022-01-01,COPCPI,76653,2026-09-29,2026-09-29,CO,income_per_capita
2023-01-01,COPCPI,80021,2026-09-29,2026-09-29,CO,income_per_capita
2024-01-01,COPCPI,82625,2026-09-29,2026-09-29,CO,income_per_capita
2025-01-01,COPCPI,86181,2026-09-29,2026-09-29,CO,income_per_capita
2000-01-01,CTPCPI,42857,2026-09-29,2026-09-29,CT,income_per_capita
2001-01-01,CTPCPI,45032,2026-09-29,2026-09-29,CT,income_per_capita
2002-01-01,CTPCPI,44656,2026-09-29,2026-09-29,CT,income_per_capita
2003-01-01,CTPCPI,44898,2026-09-29,2026-09-29,CT,income_per_capita
2004-01-01,CTPCPI,47098,2026-09-29,2026-09-29,CT,income_per_capita
2005-01-01,CTPCPI,49424,2026-09-29,2026-09-29,CT,income_per_capita
2006-01-01,CTPCPI,53224,2026-09-29,2026-09-29,CT,income_per_capita
2007-01-01,CTPCPI,57112,2026-09-29,2026-09-29,CT,income_per_capita
2008-01-01,CTPCPI,60543,2026-09-29,2026-09-29,CT,income_per_capita
2009-01-01,CTPCPI,59586,2026-09-29,2026-09-29,CT,income_per_capita
2010-01-01,CTPCPI,61392,2026-09-29,2026-09-29,CT,income_per_capita
2011-01-01,CTPCPI,62964,2026-09-29,2026-09-29,CT,income_per_capita
2012-01-01,CTPCPI,63556,2026-09-29,2026-09-29,CT,income_per_capita
2013-01-01,CTPCPI,62000,2026-09-29,2026-09-29,CT,income_per_capita
2014-01-01,CTPCPI,64484,2026-09-29,2026-09-29,CT,income_per_capita
2015-01-01,CTPCPI,66222,2026-09-29,2026-09-29,CT,income_per_capita
2016-01-01,CTPCPI,67551,2026-09-29,2026-09-29,CT,income_per_capita
2017-01-01,CTPCPI,69147,2026-09-29,2026-09-29,CT,income_per_capita
2018-01-01,CTPCPI,72159,2026-09-29,2026-09-29,CT,income_per_capita
2019-01-01,CTPCPI,74176,2026-09-29,2026-09-29,CT,income_per_capita
2020-01-01,CTPCPI,76832,2026-09-29,2026-09-29,CT,income_per_capita
2021-01-01,CTPCPI,82126,2026-09-29,2026-09-29,CT,income_per_capita
2022-01-01,CTPCPI,85393,2026-09-29,2026-09-29,CT,income_per_capita
2023-01-01,CTPCPI,90276,2026-09-29,2026-09-29,CT,income_per_capita
2024-01-01,CTPCPI,95083,2026-09-29,2026-09-29,CT,income_per_capita
2025-01-01,CTPCPI,98879,2026-09-29,2026-09-29,CT,income_per_capita
2000-01-01,DEPCPI,33810,2026-09-29,2026-09-29,DE,income_per_capita
2001-01-01,DEPCPI,36917,2026-09-29,2026-09-29,DE,income_per_capita
2002-01-01,DEPCPI,37660,2026-09-29,2026-09-29,DE,income_per_capita
2003-01-01,DEPCPI,37985,2026-09-29,2026-09-29,DE,income_per_capita
2004-01-01,DEPCPI,38843,2026-09-29,2026-09-29,DE,income_per_capita
2005-01-01,DEPCPI,39133,2026-09-29,2026-09-29,DE,income_per_capita
2006-01-01,DEPCPI,40736,2026-09-29,2026-09-29,DE,income_per_capita
2007-01-01,DEPCPI,41539,2026-09-29,2026-09-29,DE,income_per_capita
2008-01-01,DEPCPI,41254,2026-09-29,2026-09-29,DE,income_per_capita
2009-01-01,DEPCPI,41056,2026-09-29,2026-09-29,DE,income_per_capita
2010-01-01,DEPCPI,41100,2026-09-29,2026-09-29,DE,income_per_capita
2011-01-01,DEPCPI,43779,2026-09-29,2026-09-29,DE,income_per_capita
2012-01-01,DEPCPI,43771,2026-09-29,2026-09-29,DE,income_per_capita
2013-01-01,DEPCPI,43943,2026-09-29,2026-09-29,DE,income_per_capita
2014-01-01,DEPCPI,45359,2026-09-29,2026-09-29,DE,income_per_capita
2015-01-01,DEPCPI,47238,2026-09-29,2026-09-29,DE,income_per_capita
2016-01-01,DEPCPI,48186,2026-09-29,2026-09-29,DE,income_per_capita
2017-01-01,DEPCPI,49997,2026-09-29,2026-09-29,DE,income_per_capita
2018-01-01,DEPCPI,52670,2026-09-29,2026-09-29,DE,income_per_capita
2019-01-01,DEPCPI,53778,2026-09-29,2026-09-29,DE,income_per_capita
2020-01-01,DEPCPI,55520,2026-09-29,2026-09-29,DE,income_per_capita
2021-01-01,DEPCPI,59869,2026-09-29,2026-09-29,DE,income_per_capita
2022-01-01,DEPCPI,64087,2026-09-29,2026-09-29,DE,income_per_capita
2023-01-01,DEPCPI,64658,2026-09-29,2026-09-29,DE,income_per_capita
2024-01-01,DEPCPI,68177,2026-09-29,2026-09-29,DE,income_per_capita
2025-01-01,DEPCPI,71357,2026-09-29,2026-09-29,DE,income_per_capita
2000-01-01,DCPCPI,43401,2026-09-29,2026-09-29,DC,income_per_capita
2001-01-01,DCPCPI,44809,2026-09-29,2026-09-29,DC,income_per_capita
2002-01-01,DCPCPI,45124,2026-09-29,2026-09-29,DC,income_per_capita
2003-01-01,DCPCPI,45978,2026-09-29,2026-09-29,DC,income_per_capita
2004-01-01,DCPCPI,49986,2026-09-29,2026-09-29,DC,income_per_capita
2005-01-01,DCPCPI,52686,2026-09-29,2026-09-29,DC,income_per_capita
2006-01-01,DCPCPI,55384,2026-09-29,2026-09-29,DC,income_per_capita
2007-01-01,DCPCPI,59358,2026-09-29,2026-09-29,DC,income_per_capita
2008-01-01,DCPCPI,60609,2026-09-29,2026-09-29,DC,income_per_capita
2009-01-01,DCPCPI,60011,2026-09-29,2026-09-29,DC,income_per_capita
2010-01-01,DCPCPI,63190,2026-09-29,2026-09-29,DC,income_per_capita
2011-01-01,DCPCPI,66985,2026-09-29,2026-09-29,DC,income_per_capita
2012-01-01,DCPCPI,67522,2026-09-29,2026-09-29,DC,income_per_capita
2013-01-01,DCPCPI,67081,2026-09-29,2026-09-29,DC,income_per_capita
2014-01-01,DCPCPI,70527,2026-09-29,2026-09-29,DC,income_per_capita
2015-01-01,DCPCPI,74784,2026-09-29,2026-09-29,DC,income_per_capita
2016-01-01,DCPCPI,77500,2026-09-29,2026-09-29,DC,income_per_capita
2017-01-01,DCPCPI,79567,2026-09-29,2026-09-29,DC,income_per_capita
2018-01-01,DCPCPI,82272,2026-09-29,2026-09-29,DC,income_per_capita
2019-01-01,DCPCPI,83675,2026-09-29,2026-09-29,DC,income_per_capita
2020-01-01,DCPCPI,90736,2026-09-29,2026-09-29,DC,income_per_capita
2021-01-01,DCPCPI,98087,2026-09-29,2026-09-29,DC,income_per_capita
2022-01-01,DCPCPI,101182,2026-09-29,2026-09-29,DC,income_per_capita
2023-01-01,DCPCPI,107384,2026-09-29,2026-09-29,DC,income_per_capita
2024-01-01,DCPCPI,112944,2026-09-29,2026-09-29,DC,income_per_capita
2025-01-01,DCPCPI,116121,2026-09-29,2026-09-29,DC,income_per_capita
2000-01-01,FLPCPI,29387,2026-09-29,2026-09-29,FL,income_per_capita
2001-01-01,FLPCPI,30405,2026-09-29,2026-09-29,FL,income_per_capita
2002-01-01,FLPCPI,30815,2026-09-29,2026-09-29,FL,income_per_capita
2003-01-01,FLPCPI,31779,2026-09-29,2026-09-29,FL,income_per_capita
2004-01-01,FLPCPI,33706,2026-09-29,2026-09-29,FL,income_per_capita
2005-01-01,FLPCPI,35736,2026-09-29,2026-09-29,FL,income_per_capita
2006-01-01,FLPCPI,38009,2026-09-29,2026-09-29,FL,income_per_capita
2007-01-01,FLPCPI,39184,2026-09-29,2026-09-29,FL,income_per_capita
2008-01-01,FLPCPI,39185,2026-09-29,2026-09-29,FL,income_per_capita
2009-01-01,FLPCPI,36777,2026-09-29,2026-09-29,FL,income_per_capita
2010-01-01,FLPCPI,38779,2026-09-29,2026-09-29,FL,income_per_capita
2011-01-01,FLPCPI,40437,2026-09-29,2026-09-29,FL,income_per_capita
2012-01-01,FLPCPI,41211,2026-09-29,2026-09-29,FL,income_per_capita
2013-01-01,FLPCPI,40743,2026-09-29,2026-09-29,FL,income_per_capita
2014-01-01,FLPCPI,42877,2026-09-29,2026-09-29,FL,income_per_capita
2015-01-01,FLPCPI,44957,2026-09-29,2026-09-29,FL,income_per_capita
2016-01-01,FLPCPI,45730,2026-09-29,2026-09-29,FL,income_per_capita
2017-01-01,FLPCPI,48447,2026-09-29,2026-09-29,FL,income_per_capita
2018-01-01,FLPCPI,51015,2026-09-29,2026-09-29,FL,income_per_capita
2019-01-01,FLPCPI,53666,2026-09-29,2026-09-29,FL,income_per_capita
2020-01-01,FLPCPI,56599,2026-09-29,2026-09-29,FL,income_per_capita
2021-01-01,FLPCPI,62604,2026-09-29,2026-09-29,FL,income_per_capita
2022-01-01,FLPCPI,65328,2026-09-29,2026-09-29,FL,income_per_capita
2023-01-01,FLPCPI,69983,2026-09-29,2026-09-29,FL,income_per_capita
2024-01-01,FLPCPI,73340,2026-09-29,2026-09-29,FL,income_per_capita
2025-01-01,FLPCPI,76440,2026-09-29,2026-09-29,FL,income_per_capita
2000-01-01,GAPCPI,28760,2026-09-29,2026-09-29,GA,income_per_capita
2001-01-01,GAPCPI,29693,2026-09-29,2026-09-29,GA,income_per_capita
2002-01-01,GAPCPI,30086,2026-09-29,2026-09-29,GA,income_per_capita
2003-01-01,GAPCPI,30805,2026-09-29,2026-09-29,GA,income_per_capita
2004-01-01,GAPCPI,31982,2026-09-29,2026-09-29,GA,income_per_capita
2005-01-01,GAPCPI,33283,2026-09-29,2026-09-29,GA,income_per_capita
2006-01-01,GAPCPI,34574,2026-09-29,2026-09-29,GA,income_per_capita
2007-01-01,GAPCPI,35440,2026-09-29,2026-09-29,GA,income_per_capita
2008-01-01,GAPCPI,35272,2026-09-29,2026-09-29,GA,income_per_capita
2009-01-01,GAPCPI,34213,2026-09-29,2026-09-29,GA,income_per_capita
2010-01-01,GAPCPI,34740,2026-09-29,2026-09-29,GA,income_per_capita
2011-01-01,GAPCPI,36760,2026-09-29,2026-09-29,GA,income_per_capita
2012-01-01,GAPCPI,37250,2026-09-29,2026-09-29,GA,income_per_capita
2013-01-01,GAPCPI,37484,2026-09-29,2026-09-29,GA,income_per_capita
2014-01-01,GAPCPI,39550,2026-09-29,2026-09-29,GA,income_per_capita
2015-01-01,GAPCPI,41527,2026-09-29,2026-09-29,GA,income_per_capita
2016-01-01,GAPCPI,42742,2026-09-29,2026-09-29,GA,income_per_capita
2017-01-01,GAPCPI,44836,2026-09-29,2026-09-29,GA,income_per_capita
2018-01-01,GAPCPI,46624,2026-09-29,2026-09-29,GA,income_per_capita
2019-01-01,GAPCPI,48529,2026-09-29,2026-09-29,GA,income_per_capita
2020-01-01,GAPCPI,51497,2026-09-29,2026-09-29,GA,income_per_capita
2021-01-01,GAPCPI,56257,2026-09-29,2026-09-29,GA,income_per_capita
2022-01-01,GAPCPI,57405,2026-09-29,2026-09-29,GA,income_per_capita
2023-01-01,GAPCPI,60010,2026-09-29,2026-09-29,GA,income_per_capita
2024-01-01,GAPCPI,62875,2026-09-29,2026-09-29,GA,income_per_capita
2025-01-01,GAPCPI,65382,2026-09-29,2026-09-29,GA,income_per_capita
2000-01-01,HIPCPI,29174,2026-09-29,2026-09-29,HI,income_per_capita
2001-01-01,HIPCPI,30178,2026-09-29,2026-09-29,HI,income_per_capita
2002-01-01,HIPCPI,31353,2026-09-29,2026-09-29,HI,income_per_capita
2003-01-01,HIPCPI,32557,2026-09-29,2026-09-29,HI,income_per_capita
2004-01-01,HIPCPI,34336,2026-09-29,2026-09-29,HI,income_per_capita
2005-01-01,HIPCPI,36278,2026-09-29,2026-09-29,HI,income_per_capita
2006-01-01,HIPCPI,38315,2026-09-29,2026-09-29,HI,income_per_capita
2007-01-01,HIPCPI,40301,2026-09-29,2026-09-29,HI,income_per_capita
2008-01-01,HIPCPI,41887,2026-09-29,2026-09-29,HI,income_per_capita
2009-01-01,HIPCPI,41144,2026-09-29,2026-09-29,HI,income_per_capita
2010-01-01,HIPCPI,41498,2026-09-29,2026-09-29,HI,income_per_capita
2011-01-01,HIPCPI,42758,2026-09-29,2026-09-29,HI,income_per_capita
2012-01-01,HIPCPI,43523,2026-09-29,2026-09-29,HI,income_per_capita
2013-01-01,HIPCPI,43548,2026-09-29,2026-09-29,HI,income_per_capita
2014-01-01,HIPCPI,45445,2026-09-29,2026-09-29,HI,income_per_capita
2015-01-01,HIPCPI,47150,2026-09-29,2026-09-29,HI,income_per_capita
2016-01-01,HIPCPI,48561,2026-09-29,2026-09-29,HI,income_per_capita
2017-01-01,HIPCPI,50506,2026-09-29,2026-09-29,HI,income_per_capita
2018-01-01,HIPCPI,51554,2026-09-29,2026-09-29,HI,income_per_capita
2019-01-01,HIPCPI,53940,2026-09-29,2026-09-29,HI,income_per_capita
2020-01-01,HIPCPI,57030,2026-09-29,2026-09-29,HI,income_per_capita
2021-01-01,HIPCPI,61269,2026-09-29,2026-09-29,HI,income_per_capita
2022-01-01,HIPCPI,63296,2026-09-29,2026-09-29,HI,income_per_capita
2023-01-01,HIPCPI,67571,2026-09-29,2026-09-29,HI,income_per_capita
2024-01-01,HIPCPI,71573,2026-09-29,2026-09-29,HI,income_per_capita
2025-01-01,HIPCPI,76592,2026-09-29,2026-09-29,HI,income_per_capita
2000-01-01,IDPCPI,25139,2026-09-29,2026-09-29,ID,income_per_capita
2001-01-01,IDPCPI,25803,2026-09-29,2026-09-29,ID,income_per_capita
2002-01-01,IDPCPI,26272,2026-09-29,2026-09-29,ID,income_per_capita
2003-01-01,IDPCPI,26739,2026-09-29,2026-09-29,ID,income_per_capita
2004-01-01,IDPCPI,28299,2026-09-29,2026-09-29,ID,income_per_capita
2005-01-01,IDPCPI,29214,2026-09-29,2026-09-29,ID,income_per_capita
2006-01-01,IDPCPI,31244,2026-09-29,2026-09-29,ID,income_per_capita
2007-01-01,IDPCPI,32459,2026-09-29,2026-09-29,ID,income_per_capita
2008-01-01,IDPCPI,32690,2026-09-29,2026-09-29,ID,income_per_capita
2009-01-01,IDPCPI,31200,2026-09-29,2026-09-29,ID,income_per_capita
2010-01-01,IDPCPI,31948,2026-09-29,2026-09-29,ID,income_per_capita
2011-01-01,IDPCPI,33447,2026-09-29,2026-09-29,ID,income_per_capita
2012-01-01,IDPCPI,34812,2026-09-29,2026-09-29,ID,income_per_capita
2013-01-01,IDPCPI,35699,2026-09-29,2026-09-29,ID,income_per_capita
2014-01-01,IDPCPI,37107,2026-09-29,2026-09-29,ID,income_per_capita
2015-01-01,IDPCPI,38813,2026-09-29,2026-09-29,ID,income_per_capita
2016-01-01,IDPCPI,39653,2026-09-29,2026-09-29,ID,income_per_capita
2017-01-01,IDPCPI,41197,2026-09-29,2026-09-29,ID,income_per_capita
2018-01-01,IDPCPI,43254,2026-09-29,2026-09-29,ID,income_per_capita
2019-01-01,IDPCPI,45880,2026-09-29,2026-09-29,ID,income_per_capita
2020-01-01,IDPCPI,49726,2026-09-29,2026-09-29,ID,income_per_capita
2021-01-01,IDPCPI,55603,2026-09-29,2026-09-29,ID,income_per_capita
2022-01-01,IDPCPI,57074,2026-09-29,2026-09-29,ID,income_per_capita
2023-01-01,IDPCPI,59220,2026-09-29,2026-09-29,ID,income_per_capita
2024-01-01,IDPCPI,62346,2026-09-29,2026-09-29,ID,income_per_capita
2025-01-01,IDPCPI,64846,2026-09-29,2026-09-29,ID,income_per_capita
2000-01-01,ILPCPI,33072,2026-09-29,2026-09-29,IL,income_per_capita
2001-01-01,ILPCPI,34206,2026-09-29,2026-09-29,IL,income_per_capita
2002-01-01,ILPCPI,34520,2026-09-29,2026-09-29,IL,income_per_capita
2003-01-01,ILPCPI,35081,2026-09-29,2026-09-29,IL,income_per_capita
2004-01-01,ILPCPI,36366,2026-09-29,2026-09-29,IL,income_per_capita
2005-01-01,ILPCPI,37720,2026-09-29,2026-09-29,IL,income_per_capita
2006-01-01,ILPCPI,40021,2026-09-29,2026-09-29,IL,income_per_capita
2007-01-01,ILPCPI,42148,2026-09-29,2026-09-29,IL,income_per_capita
2008-01-01,ILPCPI,43238,2026-09-29,2026-09-29,IL,income_per_capita
2009-01-01,ILPCPI,41088,2026-09-29,2026-09-29,IL,income_per_capita
2010-01-01,ILPCPI,42107,2026-09-29,2026-09-29,IL,income_per_capita
2011-01-01,ILPCPI,44075,2026-09-29,2026-09-29,IL,income_per_capita
2012-01-01,ILPCPI,45934,2026-09-29,2026-09-29,IL,income_per_capita
2013-01-01,ILPCPI,46735,2026-09-29,2026-09-29,IL,income_per_capita
2014-01-01,ILPCPI,48536,2026-09-29,2026-09-29,IL,income_per_capita
2015-01-01,ILPCPI,50688,2026-09-29,2026-09-29,IL,income_per_capita
2016-01-01,ILPCPI,51347,2026-09-29,2026-09-29,IL,income_per_capita
2017-01-01,ILPCPI,53056,2026-09-29,2026-09-29,IL,income_per_capita
2018-01-01,ILPCPI,56077,2026-09-29,2026-09-29,IL,income_per_capita
2019-01-01,ILPCPI,57738,2026-09-29,2026-09-29,IL,income_per_capita
2020-01-01,ILPCPI,61597,2026-09-29,2026-09-29,IL,income_per_capita
2021-01-01,ILPCPI,66852,2026-09-29,2026-09-29,IL,income_per_capita
2022-01-01,ILPCPI,68110,2026-09-29,2026-09-29,IL,income_per_capita
2023-01-01,ILPCPI,71812,2026-09-29,2026-09-29,IL,income_per_capita
2024-01-01,ILPCPI,74564,2026-09-29,2026-09-29,IL,income_per_capita
2025-01-01,ILPCPI,77772,2026-09-29,2026-09-29,IL,income_per_capita
2000-01-01,INPCPI,28075,2026-09-29,2026-09-29,IN,income_per_capita
2001-01-01,INPCPI,28596,2026-09-29,2026-09-29,IN,income_per_capita
2002-01-01,INPCPI,28902,2026-09-29,2026-09-29,IN,income_per_capita
2003-01-01,INPCPI,29445,2026-09-29,2026-09-29,IN,income_per_capita
2004-01-01,INPCPI,30657,2026-09-29,2026-09-29,IN,income_per_capita
2005-01-01,INPCPI,31376,2026-09-29,2026-09-29,IN,income_per_capita
2006-01-01,INPCPI,32905,2026-09-29,2026-09-29,IN,income_per_capita
2007-01-01,INPCPI,33845,2026-09-29,2026-09-29,IN,income_per_capita
2008-01-01,INPCPI,35270,2026-09-29,2026-09-29,IN,income_per_capita
2009-01-01,INPCPI,34200,2026-09-29,2026-09-29,IN,income_per_capita
2010-01-01,INPCPI,35590,2026-09-29,2026-09-29,IN,income_per_capita
2011-01-01,INPCPI,37681,2026-09-29,2026-09-29,IN,income_per_capita
2012-01-01,INPCPI,39148,2026-09-29,2026-09-29,IN,income_per_capita
2013-01-01,INPCPI,39435,2026-09-29,2026-09-29,IN,income_per_capita
2014-01-01,INPCPI,40719,2026-09-29,2026-09-29,IN,income_per_capita
2015-01-01,INPCPI,42146,2026-09-29,2026-09-29,IN,income_per_capita
2016-01-01,INPCPI,43143,2026-09-29,2026-09-29,IN,income_per_capita
2017-01-01,INPCPI,44568,2026-09-29,2026-09-29,IN,income_per_capita
2018-01-01,INPCPI,46555,2026-09-29,2026-09-29,IN,income_per_capita
2019-01-01,INPCPI,48270,2026-09-29,2026-09-29,IN,income_per_capita
2020-01-01,INPCPI,51776,2026-09-29,2026-09-29,IN,income_per_capita
2021-01-01,INPCPI,57389,2026-09-29,2026-09-29,IN,income_per_capita
2022-01-01,INPCPI,58697,2026-09-29,2026-09-29,IN,income_per_capita
2023-01-01,INPCPI,61375,2026-09-29,2026-09-29,IN,income_per_capita
2024-01-01,INPCPI,63980,2026-09-29,2026-09-29,IN,income_per_capita
2025-01-01,INPCPI,66292,2026-09-29,2026-09-29,IN,income_per_capita
2000-01-01,IAPCPI,27341,2026-09-29,2026-09-29,IA,income_per_capita
2001-01-01,IAPCPI,28145,2026-09-29,2026-09-29,IA,income_per_capita
2002-01-01,IAPCPI,28804,2026-09-29,2026-09-29,IA,income_per_capita
2003-01-01,IAPCPI,29344,2026-09-29,2026-09-29,IA,income_per_capita
2004-01-01,IAPCPI,31615,2026-09-29,2026-09-29,IA,income_per_capita
2005-01-01,IAPCPI,32411,2026-09-29,2026-09-29,IA,income_per_capita
2006-01-01,IAPCPI,34197,2026-09-29,2026-09-29,IA,income_per_capita
2007-01-01,IAPCPI,36366,2026-09-29,2026-09-29,IA,income_per_capita
2008-01-01,IAPCPI,38490,2026-09-29,2026-09-29,IA,income_per_capita
2009-01-01,IAPCPI,37246,2026-09-29,2026-09-29,IA,income_per_capita
2010-01-01,IAPCPI,38190,2026-09-29,2026-09-29,IA,income_per_capita
2011-01-01,IAPCPI,40879,2026-09-29,2026-09-29,IA,income_per_capita
2012-01-01,IAPCPI,42539,2026-09-29,2026-09-29,IA,income_per_capita
2013-01-01,IAPCPI,43009,2026-09-29,2026-09-29,IA,income_per_capita
2014-01-01,IAPCPI,44120,2026-09-29,2026-09-29,IA,income_per_capita
2015-01-01,IAPCPI,45442,2026-09-29,2026-09-29,IA,income_per_capita
2016-01-01,IAPCPI,45669,2026-09-29,2026-09-29,IA,income_per_capita
2017-01-01,IAPCPI,46767,2026-09-29,2026-09-29,IA,income_per_capita
2018-01-01,IAPCPI,48773,2026-09-29,2026-09-29,IA,income_per_capita
2019-01-01,IAPCPI,49674,2026-09-29,2026-09-29,IA,income_per_capita
2020-01-01,IAPCPI,52677,2026-09-29,2026-09-29,IA,income_per_capita
2021-01-01,IAPCPI,58242,2026-09-29,2026-09-29,IA,income_per_capita
2022-01-01,IAPCPI,61226,2026-09-29,2026-09-29,IA,income_per_capita
2023-01-01,IAPCPI,62760,2026-09-29,2026-09-29,IA,income_per_capita
2024-01-01,IAPCPI,65448,2026-09-29,2026-09-29,IA,income_per_capita
2025-01-01,IAPCPI,68326,2026-09-29,2026-09-29,IA,income_per_capita
2000-01-01,KSPCPI,28166,2026-09-29,2026-09-29,KS,income_per_capita
2001-01-01,KSPCPI,29047,2026-09-29,2026-09-29,KS,income_per_capita
2002-01-01,KSPCPI,29218,2026-09-29,2026-09-29,KS,income_per_capita
2003-01-01,KSPCPI,30029,2026-09-29,2026-09-29,KS,income_per_capita
2004-01-01,KSPCPI,30748,2026-09-29,2026-09-29,KS,income_per_capita
2005-01-01,KSPCPI,32340,2026-09-29,2026-09-29,KS,income_per_capita
2006-01-01,KSPCPI,35411,2026-09-29,2026-09-29,KS,income_per_capita
2007-01-01,KSPCPI,37748,2026-09-29,2026-09-29,KS,income_per_capita
2008-01-01,KSPCPI,41060,2026-09-29,2026-09-29,KS,income_per_capita
2009-01-01,KSPCPI,39382,2026-09-29,2026-09-29,KS,income_per_capita
2010-01-01,KSPCPI,39821,2026-09-29,2026-09-29,KS,income_per_capita
2011-01-01,KSPCPI,42889,2026-09-29,2026-09-29,KS,income_per_capita
2012-01-01,KSPCPI,44913,2026-09-29,2026-09-29,KS,income_per_capita
2013-01-01,KSPCPI,45669,2026-09-29,2026-09-29,KS,income_per_capita
2014-01-01,KSPCPI,46289,2026-09-29,2026-09-29,KS,income_per_capita
2015-01-01,KSPCPI,46597,2026-09-29,2026-09-29,KS,income_per_capita
2016-01-01,KSPCPI,46717,2026-09-29,2026-09-29,KS,income_per_capita
2017-01-01,KSPCPI,48271,2026-09-29,2026-09-29,KS,income_per_capita
2018-01-01,KSPCPI,50282,2026-09-29,2026-09-29,KS,income_per_capita
2019-01-01,KSPCPI,52156,2026-09-29,2026-09-29,KS,income_per_capita
2020-01-01,KSPCPI,55229,2026-09-29,2026-09-29,KS,income_per_capita
2021-01-01,KSPCPI,59197,2026-09-29,2026-09-29,KS,income_per_capita
2022-01-01,KSPCPI,61860,2026-09-29,2026-09-29,KS,income_per_capita
2023-01-01,KSPCPI,63550,2026-09-29,2026-09-29,KS,income_per_capita
2024-01-01,KSPCPI,65975,2026-09-29,2026-09-29,KS,income_per_capita
2025-01-01,KSPCPI,69510,2026-09-29,2026-09-29,KS,income_per_capita
2000-01-01,KYPCPI,24815,2026-09-29,2026-09-29,KY,income_per_capita
2001-01-01,KYPCPI,25564,2026-09-29,2026-09-29,KY,income_per_capita
2002-01-01,KYPCPI,26053,2026-09-29,2026-09-29,KY,income_per_capita
2003-01-01,KYPCPI,26661,2026-09-29,2026-09-29,KY,income_per_capita
2004-01-01,KYPCPI,28030,2026-09-29,2026-09-29,KY,income_per_capita
2005-01-01,KYPCPI,29104,2026-09-29,2026-09-29,KY,income_per_capita
2006-01-01,KYPCPI,30476,2026-09-29,2026-09-29,KY,income_per_capita
2007-01-01,KYPCPI,31529,2026-09-29,2026-09-29,KY,income_per_capita
2008-01-01,KYPCPI,32830,2026-09-29,2026-09-29,KY,income_per_capita
2009-01-01,KYPCPI,32198,2026-09-29,2026-09-29,KY,income_per_capita
2010-01-01,KYPCPI,33187,2026-09-29,2026-09-29,KY,income_per_capita
2011-01-01,KYPCPI,34607,2026-09-29,2026-09-29,KY,income_per_capita
2012-01-01,KYPCPI,35630,2026-09-29,2026-09-29,KY,income_per_capita
2013-01-01,KYPCPI,35758,2026-09-29,2026-09-29,KY,income_per_capita
2014-01-01,KYPCPI,37225,2026-09-29,2026-09-29,KY,income_per_capita
2015-01-01,KYPCPI,38766,2026-09-29,2026-09-29,KY,income_per_capita
2016-01-01,KYPCPI,39319,2026-09-29,2026-09-29,KY,income_per_capita
2017-01-01,KYPCPI,40403,2026-09-29,2026-09-29,KY,income_per_capita
2018-01-01,KYPCPI,41658,2026-09-29,2026-09-29,KY,income_per_capita
2019-01-01,KYPCPI,43466,2026-09-29,2026-09-29,KY,income_per_capita
2020-01-01,KYPCPI,47086,2026-09-29,2026-09-29,KY,income_per_capita
2021-01-01,KYPCPI,51929,2026-09-29,2026-09-29,KY,income_per_capita
2022-01-01,KYPCPI,52606,2026-09-29,2026-09-29,KY,income_per_capita
2023-01-01,KYPCPI,55675,2026-09-29,2026-09-29,KY,income_per_capita
2024-01-01,KYPCPI,58310,2026-09-29,2026-09-29,KY,income_per_capita
2025-01-01,KYPCPI,60673,2026-09-29,2026-09-29,KY,income_per_capita
2000-01-01,LAPCPI,23907,2026-09-29,2026-09-29,LA,income_per_capita
2001-01-01,LAPCPI,25630,2026-09-29,2026-09-29,LA,income_per_capita
2002-01-01,LAPCPI,26281,2026-09-29,2026-09-29,LA,income_per_capita
2003-01-01,LAPCPI,26987,2026-09-29,2026-09-29,LA,income_per_capita
2004-01-01,LAPCPI,27983,2026-09-29,2026-09-29,LA,income_per_capita
2005-01-01,LAPCPI,29970,2026-09-29,2026-09-29,LA,income_per_capita
2006-01-01,LAPCPI,33627,2026-09-29,2026-09-29,LA,income_per_capita
2007-01-01,LAPCPI,36208,2026-09-29,2026-09-29,LA,income_per_capita
2008-01-01,LAPCPI,38328,2026-09-29,2026-09-29,LA,income_per_capita
2009-01-01,LAPCPI,36803,2026-09-29,2026-09-29,LA,income_per_capita
2010-01-01,LAPCPI,38067,2026-09-29,2026-09-29,LA,income_per_capita
2011-01-01,LAPCPI,38966,2026-09-29,2026-09-29,LA,income_per_capita
2012-01-01,LAPCPI,40662,2026-09-29,2026-09-29,LA,income_per_capita
2013-01-01,LAPCPI,40996,2026-09-29,2026-09-29,LA,income_per_capita
2014-01-01,LAPCPI,42533,2026-09-29,2026-09-29,LA,income_per_capita
2015-01-01,LAPCPI,42484,2026-09-29,2026-09-29,LA,income_per_capita
2016-01-01,LAPCPI,42132,2026-09-29,2026-09-29,LA,income_per_capita
2017-01-01,LAPCPI,43486,2026-09-29,2026-09-29,LA,income_per_capita
2018-01-01,LAPCPI,45465,2026-09-29,2026-09-29,LA,income_per_capita
2019-01-01,LAPCPI,47015,2026-09-29,2026-09-29,LA,income_per_capita
2020-01-01,LAPCPI,50181,2026-09-29,2026-09-29,LA,income_per_capita
2021-01-01,LAPCPI,55112,2026-09-29,2026-09-29,LA,income_per_capita
2022-01-01,LAPCPI,55297,2026-09-29,2026-09-29,LA,income_per_capita
2023-01-01,LAPCPI,58859,2026-09-29,2026-09-29,LA,income_per_capita
2024-01-01,LAPCPI,61667,2026-09-29,2026-09-29,LA,income_per_capita
2025-01-01,LAPCPI,63940,2026-09-29,2026-09-29,LA,income_per_capita
2000-01-01,MEPCPI,27478,2026-09-29,2026-09-29,ME,income_per_capita
2001-01-01,MEPCPI,28821,2026-09-29,2026-09-29,ME,income_per_capita
2002-01-01,MEPCPI,29546,2026-09-29,2026-09-29,ME,income_per_capita
2003-01-01,MEPCPI,30740,2026-09-29,2026-09-29,ME,income_per_capita
2004-01-01,MEPCPI,32096,2026-09-29,2026-09-29,ME,income_per_capita
2005-01-01,MEPCPI,32684,2026-09-29,2026-09-29,ME,income_per_capita
2006-01-01,MEPCPI,34168,2026-09-29,2026-09-29,ME,income_per_capita
2007-01-01,MEPCPI,35402,2026-09-29,2026-09-29,ME,income_per_capita
2008-01-01,MEPCPI,36960,2026-09-29,2026-09-29,ME,income_per_capita
2009-01-01,MEPCPI,37107,2026-09-29,2026-09-29,ME,income_per_capita
2010-01-01,MEPCPI,38018,2026-09-29,2026-09-29,ME,income_per_capita
2011-01-01,MEPCPI,39502,2026-09-29,2026-09-29,ME,income_per_capita
2012-01-01,MEPCPI,39992,2026-09-29,2026-09-29,ME,income_per_capita
2013-01-01,MEPCPI,39950,2026-09-29,2026-09-29,ME,income_per_capita
2014-01-01,MEPCPI,41137,2026-09-29,2026-09-29,ME,income_per_capita
2015-01-01,MEPCPI,42939,2026-09-29,2026-09-29,ME,income_per_capita
2016-01-01,MEPCPI,44234,2026-09-29,2026-09-29,ME,income_per_capita
2017-01-01,MEPCPI,45905,2026-09-29,2026-09-29,ME,income_per_capita
2018-01-01,MEPCPI,47729,2026-09-29,2026-09-29,ME,income_per_capita
2019-01-01,MEPCPI,49983,2026-09-29,2026-09-29,ME,income_per_capita
2020-01-01,MEPCPI,54331,2026-09-29,2026-09-29,ME,income_per_capita
2021-01-01,MEPCPI,59381,2026-09-29,2026-09-29,ME,income_per_capita
2022-01-01,MEPCPI,61587,2026-09-29,2026-09-29,ME,income_per_capita
2023-01-01,MEPCPI,65337,2026-09-29,2026-09-29,ME,income_per_capita
2024-01-01,MEPCPI,68764,2026-09-29,2026-09-29,ME,income_per_capita
2025-01-01,MEPCPI,71662,2026-09-29,2026-09-29,ME,income_per_capita
2000-01-01,MDPCPI,35480,2026-09-29,2026-09-29,MD,income_per_capita
2001-01-01,MDPCPI,37012,2026-09-29,2026-09-29,MD,income_per_capita
2002-01-01,MDPCPI,37995,2026-09-29,2026-09-29,MD,income_per_capita
2003-01-01,MDPCPI,39295,2026-09-29,2026-09-29,MD,income_per_capita
2004-01-01,MDPCPI,41515,2026-09-29,2026-09-29,MD,income_per_capita
2005-01-01,MDPCPI,43311,2026-09-29,2026-09-29,MD,income_per_capita
2006-01-01,MDPCPI,45293,2026-09-29,2026-09-29,MD,income_per_capita
2007-01-01,MDPCPI,47033,2026-09-29,2026-09-29,MD,income_per_capita
2008-01-01,MDPCPI,49026,2026-09-29,2026-09-29,MD,income_per_capita
2009-01-01,MDPCPI,48448,2026-09-29,2026-09-29,MD,income_per_capita
2010-01-01,MDPCPI,49616,2026-09-29,2026-09-29,MD,income_per_capita
2011-01-01,MDPCPI,51797,2026-09-29,2026-09-29,MD,income_per_capita
2012-01-01,MDPCPI,52481,2026-09-29,2026-09-29,MD,income_per_capita
2013-01-01,MDPCPI,51871,2026-09-29,2026-09-29,MD,income_per_capita
2014-01-01,MDPCPI,53075,2026-09-29,2026-09-29,MD,income_per_capita
2015-01-01,MDPCPI,55032,2026-09-29,2026-09-29,MD,income_per_capita
2016-01-01,MDPCPI,56606,2026-09-29,2026-09-29,MD,income_per_capita
2017-01-01,MDPCPI,58245,2026-09-29,2026-09-29,MD,income_per_capita
2018-01-01,MDPCPI,59915,2026-09-29,2026-09-29,MD,income_per_capita
2019-01-01,MDPCPI,61723,2026-09-29,2026-09-29,MD,income_per_capita
2020-01-01,MDPCPI,64863,2026-09-29,2026-09-29,MD,income_per_capita
2021-01-01,MDPCPI,69268,2026-09-29,2026-09-29,MD,income_per_capita
2022-01-01,MDPCPI,70886,2026-09-29,2026-09-29,MD,income_per_capita
2023-01-01,MDPCPI,75624,2026-09-29,2026-09-29,MD,income_per_capita
2024-01-01,MDPCPI,79486,2026-09-29,2026-09-29,MD,income_per_capita
2025-01-01,MDPCPI,81834,2026-09-29,2026-09-29,MD,income_per_capita
2000-01-01,MAPCPI,38381,2026-09-29,2026-09-29,MA,income_per_capita
2001-01-01,MAPCPI,39711,2026-09-29,2026-09-29,MA,income_per_capita
2002-01-01,MAPCPI,39419,2026-09-29,2026-09-29,MA,income_per_capita
2003-01-01,MAPCPI,40158,2026-09-29,2026-09-29,MA,income_per_capita
2004-01-01,MAPCPI,42242,2026-09-29,2026-09-29,MA,income_per_capita
2005-01-01,MAPCPI,44061,2026-09-29,2026-09-29,MA,income_per_capita
2006-01-01,MAPCPI,47311,2026-09-29,2026-09-29,MA,income_per_capita
2007-01-01,MAPCPI,49662,2026-09-29,2026-09-29,MA,income_per_capita
2008-01-01,MAPCPI,51546,2026-09-29,2026-09-29,MA,income_per_capita
2009-01-01,MAPCPI,50751,2026-09-29,2026-09-29,MA,income_per_capita
2010-01-01,MAPCPI,52707,2026-09-29,2026-09-29,MA,income_per_capita
2011-01-01,MAPCPI,54757,2026-09-29,2026-09-29,MA,income_per_capita
2012-01-01,MAPCPI,56259,2026-09-29,2026-09-29,MA,income_per_capita
2013-01-01,MAPCPI,56119,2026-09-29,2026-09-29,MA,income_per_capita
2014-01-01,MAPCPI,58129,2026-09-29,2026-09-29,MA,income_per_capita
2015-01-01,MAPCPI,61536,2026-09-29,2026-09-29,MA,income_per_capita
2016-01-01,MAPCPI,63476,2026-09-29,2026-09-29,MA,income_per_capita
2017-01-01,MAPCPI,66069,2026-09-29,2026-09-29,MA,income_per_capita
2018-01-01,MAPCPI,69191,2026-09-29,2026-09-29,MA,income_per_capita
2019-01-01,MAPCPI,72381,2026-09-29,2026-09-29,MA,income_per_capita
2020-01-01,MAPCPI,77596,2026-09-29,2026-09-29,MA,income_per_capita
2021-01-01,MAPCPI,84132,2026-09-29,2026-09-29,MA,income_per_capita
2022-01-01,MAPCPI,85405,2026-09-29,2026-09-29,MA,income_per_capita
2023-01-01,MAPCPI,89860,2026-09-29,2026-09-29,MA,income_per_capita
2024-01-01,MAPCPI,93575,2026-09-29,2026-09-29,MA,income_per_capita
2025-01-01,MAPCPI,97456,2026-09-29,2026-09-29,MA,income_per_capita
2000-01-01,MIPCPI,30250,2026-09-29,2026-09-29,MI,income_per_capita
2001-01-01,MIPCPI,30694,2026-09-29,2026-09-29,MI,income_per_capita
2002-01-01,MIPCPI,30595,2026-09-29,2026-09-29,MI,income_per_capita
2003-01-01,MIPCPI,31267,2026-09-29,2026-09-29,MI,income_per_capita
2004-01-01,MIPCPI,32092,2026-09-29,2026-09-29,MI,income_per_capita
2005-01-01,MIPCPI,32756,2026-09-29,2026-09-29,MI,income_per_capita
2006-01-01,MIPCPI,33563,2026-09-29,2026-09-29,MI,income_per_capita
2007-01-01,MIPCPI,34669,2026-09-29,2026-09-29,MI,income_per_capita
2008-01-01,MIPCPI,35826,2026-09-29,2026-09-29,MI,income_per_capita
2009-01-01,MIPCPI,34247,2026-09-29,2026-09-29,MI,income_per_capita
2010-01-01,MIPCPI,35635,2026-09-29,2026-09-29,MI,income_per_capita
2011-01-01,MIPCPI,37689,2026-09-29,2026-09-29,MI,income_per_capita
2012-01-01,MIPCPI,39042,2026-09-29,2026-09-29,MI,income_per_capita
2013-01-01,MIPCPI,39292,2026-09-29,2026-09-29,MI,income_per_capita
2014-01-01,MIPCPI,40829,2026-09-29,2026-09-29,MI,income_per_capita
2015-01-01,MIPCPI,42982,2026-09-29,2026-09-29,MI,income_per_capita
2016-01-01,MIPCPI,44080,2026-09-29,2026-09-29,MI,income_per_capita
2017-01-01,MIPCPI,45264,2026-09-29,2026-09-29,MI,income_per_capita
2018-01-01,MIPCPI,47089,2026-09-29,2026-09-29,MI,income_per_capita
2019-01-01,MIPCPI,48577,2026-09-29,2026-09-29,MI,income_per_capita
2020-01-01,MIPCPI,52820,2026-09-29,2026-09-29,MI,income_per_capita
2021-01-01,MIPCPI,57084,2026-09-29,2026-09-29,MI,income_per_capita
2022-01-01,MIPCPI,58052,2026-09-29,2026-09-29,MI,income_per_capita
2023-01-01,MIPCPI,61335,2026-09-29,2026-09-29,MI,income_per_capita
2024-01-01,MIPCPI,63945,2026-09-29,2026-09-29,MI,income_per_capita
2025-01-01,MIPCPI,66556,2026-09-29,2026-09-29,MI,income_per_capita
2000-01-01,MNPCPI,32348,2026-09-29,2026-09-29,MN,income_per_capita
2001-01-01,MNPCPI,33417,2026-09-29,2026-09-29,MN,income_per_capita
2002-01-01,MNPCPI,33889,2026-09-29,2026-09-29,MN,income_per_capita
2003-01-01,MNPCPI,35195,2026-09-29,2026-09-29,MN,income_per_capita
2004-01-01,MNPCPI,37084,2026-09-29,2026-09-29,MN,income_per_capita
2005-01-01,MNPCPI,37812,2026-09-29,2026-09-29,MN,income_per_capita
2006-01-01,MNPCPI,39362,2026-09-29,2026-09-29,MN,income_per_capita
2007-01-01,MNPCPI,41325,2026-09-29,2026-09-29,MN,income_per_capita
2008-01-01,MNPCPI,42983,2026-09-29,2026-09-29,MN,income_per_capita
2009-01-01,MNPCPI,40963,2026-09-29,2026-09-29,MN,income_per_capita
2010-01-01,MNPCPI,42538,2026-09-29,2026-09-29,MN,income_per_capita
2011-01-01,MNPCPI,45134,2026-09-29,2026-09-29,MN,income_per_capita
2012-01-01,MNPCPI,47399,2026-09-29,2026-09-29,MN,income_per_capita
2013-01-01,MNPCPI,47413,2026-09-29,2026-09-29,MN,income_per_capita
2014-01-01,MNPCPI,49357,2026-09-29,2026-09-29,MN,income_per_capita
2015-01-01,MNPCPI,51353,2026-09-29,2026-09-29,MN,income_per_capita
2016-01-01,MNPCPI,51982,2026-09-29,2026-09-29,MN,income_per_capita
2017-01-01,MNPCPI,53826,2026-09-29,2026-09-29,MN,income_per_capita
2018-01-01,MNPCPI,56201,2026-09-29,2026-09-29,MN,income_per_capita
2019-01-01,MNPCPI,57903,2026-09-29,2026-09-29,MN,income_per_capita
2020-01-01,MNPCPI,61372,2026-09-29,2026-09-29,MN,income_per_capita
2021-01-01,MNPCPI,67730,2026-09-29,2026-09-29,MN,income_per_capita
2022-01-01,MNPCPI,69467,2026-09-29,2026-09-29,MN,income_per_capita
2023-01-01,MNPCPI,72674,2026-09-29,2026-09-29,MN,income_per_capita
2024-01-01,MNPCPI,75548,2026-09-29,2026-09-29,MN,income_per_capita
2025-01-01,MNPCPI,78538,2026-09-29,2026-09-29,MN,income_per_capita
2000-01-01,MSPCPI,21628,2026-09-29,2026-09-29,MS,income_per_capita
2001-01-01,MSPCPI,22806,2026-09-29,2026-09-29,MS,income_per_capita
2002-01-01,MSPCPI,23202,2026-09-29,2026-09-29,MS,income_per_capita
2003-01-01,MSPCPI,24060,2026-09-29,2026-09-29,MS,income_per_capita
2004-01-01,MSPCPI,25287,2026-09-29,2026-09-29,MS,income_per_capita
2005-01-01,MSPCPI,26716,2026-09-29,2026-09-29,MS,income_per_capita
2006-01-01,MSPCPI,27827,2026-09-29,2026-09-29,MS,income_per_capita
2007-01-01,MSPCPI,29432,2026-09-29,2026-09-29,MS,income_per_capita
2008-01-01,MSPCPI,30736,2026-09-29,2026-09-29,MS,income_per_capita
2009-01-01,MSPCPI,30220,2026-09-29,2026-09-29,MS,income_per_capita
2010-01-01,MSPCPI,31213,2026-09-29,2026-09-29,MS,income_per_capita
2011-01-01,MSPCPI,32454,2026-09-29,2026-09-29,MS,income_per_capita
2012-01-01,MSPCPI,33441,2026-09-29,2026-09-29,MS,income_per_capita
2013-01-01,MSPCPI,33976,2026-09-29,2026-09-29,MS,income_per_capita
2014-01-01,MSPCPI,34623,2026-09-29,2026-09-29,MS,income_per_capita
2015-01-01,MSPCPI,35100,2026-09-29,2026-09-29,MS,income_per_capita
2016-01-01,MSPCPI,35638,2026-09-29,2026-09-29,MS,income_per_capita
2017-01-01,MSPCPI,36579,2026-09-29,2026-09-29,MS,income_per_capita
2018-01-01,MSPCPI,37624,2026-09-29,2026-09-29,MS,income_per_capita
2019-01-01,MSPCPI,39142,2026-09-29,2026-09-29,MS,income_per_capita
2020-01-01,MSPCPI,42464,2026-09-29,2026-09-29,MS,income_per_capita
2021-01-01,MSPCPI,47035,2026-09-29,2026-09-29,MS,income_per_capita
2022-01-01,MSPCPI,46995,2026-09-29,2026-09-29,MS,income_per_capita
2023-01-01,MSPCPI,49673,2026-09-29,2026-09-29,MS,income_per_capita
2024-01-01,MSPCPI,51948,2026-09-29,2026-09-29,MS,income_per_capita
2025-01-01,MSPCPI,54531,2026-09-29,2026-09-29,MS,income_per_capita
2000-01-01,MOPCPI,27857,2026-09-29,2026-09-29,MO,income_per_capita
2001-01-01,MOPCPI,28634,2026-09-29,2026-09-29,MO,income_per_capita
2002-01-01,MOPCPI,29144,2026-09-29,2026-09-29,MO,income_per_capita
2003-01-01,MOPCPI,30054,2026-09-29,2026-09-29,MO,income_per_capita
2004-01-01,MOPCPI,31396,2026-09-29,2026-09-29,MO,income_per_capita
2005-01-01,MOPCPI,32256,2026-09-29,2026-09-29,MO,income_per_capita
2006-01-01,MOPCPI,33860,2026-09-29,2026-09-29,MO,income_per_capita
2007-01-01,MOPCPI,35228,2026-09-29,2026-09-29,MO,income_per_capita
2008-01-01,MOPCPI,37124,2026-09-29,2026-09-29,MO,income_per_capita
2009-01-01,MOPCPI,36306,2026-09-29,2026-09-29,MO,income_per_capita
2010-01-01,MOPCPI,36984,2026-09-29,2026-09-29,MO,income_per_capita
2011-01-01,MOPCPI,38402,2026-09-29,2026-09-29,MO,income_per_capita
2012-01-01,MOPCPI,39983,2026-09-29,2026-09-29,MO,income_per_capita
2013-01-01,MOPCPI,40121,2026-09-29,2026-09-29,MO,income_per_capita
2014-01-01,MOPCPI,41380,2026-09-29,2026-09-29,MO,income_per_capita
2015-01-01,MOPCPI,42677,2026-09-29,2026-09-29,MO,income_per_capita
2016-01-01,MOPCPI,43826,2026-09-29,2026-09-29,MO,income_per_capita
2017-01-01,MOPCPI,44781,2026-09-29,2026-09-29,MO,income_per_capita
2018-01-01,MOPCPI,46680,2026-09-29,2026-09-29,MO,income_per_capita
2019-01-01,MOPCPI,48425,2026-09-29,2026-09-29,MO,income_per_capita
2020-01-01,MOPCPI,52204,2026-09-29,2026-09-29,MO,income_per_capita
2021-01-01,MOPCPI,56896,2026-09-29,2026-09-29,MO,income_per_capita
2022-01-01,MOPCPI,58527,2026-09-29,2026-09-29,MO,income_per_capita
2023-01-01,MOPCPI,62456,2026-09-29,2026-09-29,MO,income_per_capita
2024-01-01,MOPCPI,64940,2026-09-29,2026-09-29,MO,income_per_capita
2025-01-01,MOPCPI,67587,2026-09-29,2026-09-29,MO,income_per_capita
2000-01-01,MTPCPI,22982,2026-09-29,2026-09-29,MT,income_per_capita
2001-01-01,MTPCPI,23910,2026-09-29,2026-09-29,MT,income_per_capita
2002-01-01,MTPCPI,24516,2026-09-29,2026-09-29,MT,income_per_capita
2003-01-01,MTPCPI,26114,2026-09-29,2026-09-29,MT,income_per_capita
2004-01-01,MTPCPI,28034,2026-09-29,2026-09-29,MT,income_per_capita
2005-01-01,MTPCPI,29839,2026-09-29,2026-09-29,MT,income_per_capita
2006-01-01,MTPCPI,31870,2026-09-29,2026-09-29,MT,income_per_capita
2007-01-01,MTPCPI,33841,2026-09-29,2026-09-29,MT,income_per_capita
2008-01-01,MTPCPI,35569,2026-09-29,2026-09-29,MT,income_per_capita
2009-01-01,MTPCPI,34479,2026-09-29,2026-09-29,MT,income_per_capita
2010-01-01,MTPCPI,35999,2026-09-29,2026-09-29,MT,income_per_capita
2011-01-01,MTPCPI,38150,2026-09-29,2026-09-29,MT,income_per_capita
2012-01-01,MTPCPI,40217,2026-09-29,2026-09-29,MT,income_per_capita
2013-01-01,MTPCPI,40142,2026-09-29,2026-09-29,MT,income_per_capita
2014-01-01,MTPCPI,41850,2026-09-29,2026-09-29,MT,income_per_capita
2015-01-01,MTPCPI,43095,2026-09-29,2026-09-29,MT,income_per_capita
2016-01-01,MTPCPI,43301,2026-09-29,2026-09-29,MT,income_per_capita
2017-01-01,MTPCPI,45369,2026-09-29,2026-09-29,MT,income_per_capita
2018-01-01,MTPCPI,47208,2026-09-29,2026-09-29,MT,income_per_capita
2019-01-01,MTPCPI,49654,2026-09-29,2026-09-29,MT,income_per_capita
2020-01-01,MTPCPI,53572,2026-09-29,2026-09-29,MT,income_per_capita
2021-01-01,MTPCPI,59236,2026-09-29,2026-09-29,MT,income_per_capita
2022-01-01,MTPCPI,62117,2026-09-29,2026-09-29,MT,income_per_capita
2023-01-01,MTPCPI,66221,2026-09-29,2026-09-29,MT,income_per_capita
2024-01-01,MTPCPI,69220,2026-09-29,2026-09-29,MT,income_per_capita
2025-01-01,MTPCPI,72340,2026-09-29,2026-09-29,MT,income_per_capita
2000-01-01,NEPCPI,28924,2026-09-29,2026-09-29,NE,income_per_capita
2001-01-01,NEPCPI,30184,2026-09-29,2026-09-29,NE,income_per_capita
2002-01-01,NEPCPI,30553,2026-09-29,2026-09-29,NE,income_per_capita
2003-01-01,NEPCPI,32268,2026-09-29,2026-09-29,NE,income_per_capita
2004-01-01,NEPCPI,33496,2026-09-29,2026-09-29,NE,income_per_capita
2005-01-01,NEPCPI,34401,2026-09-29,2026-09-29,NE,income_per_capita
2006-01-01,NEPCPI,35718,2026-09-29,2026-09-29,NE,income_per_capita
2007-01-01,NEPCPI,38184,2026-09-29,2026-09-29,NE,income_per_capita
2008-01-01,NEPCPI,40291,2026-09-29,2026-09-29,NE,income_per_capita
2009-01-01,NEPCPI,39422,2026-09-29,2026-09-29,NE,income_per_capita
2010-01-01,NEPCPI,41085,2026-09-29,2026-09-29,NE,income_per_capita
2011-01-01,NEPCPI,45607,2026-09-29,2026-09-29,NE,income_per_capita
2012-01-01,NEPCPI,46385,2026-09-29,2026-09-29,NE,income_per_capita
2013-01-01,NEPCPI,45911,2026-09-29,2026-09-29,NE,income_per_capita
2014-01-01,NEPCPI,48187,2026-09-29,2026-09-29,NE,income_per_capita
2015-01-01,NEPCPI,49708,2026-09-29,2026-09-29,NE,income_per_capita
2016-01-01,NEPCPI,48688,2026-09-29,2026-09-29,NE,income_per_capita
2017-01-01,NEPCPI,49533,2026-09-29,2026-09-29,NE,income_per_capita
2018-01-01,NEPCPI,51436,2026-09-29,2026-09-29,NE,income_per_capita
2019-01-01,NEPCPI,53513,2026-09-29,2026-09-29,NE,income_per_capita
2020-01-01,NEPCPI,56911,2026-09-29,2026-09-29,NE,income_per_capita
2021-01-01,NEPCPI,63652,2026-09-29,2026-09-29,NE,income_per_capita
2022-01-01,NEPCPI,66354,2026-09-29,2026-09-29,NE,income_per_capita
2023-01-01,NEPCPI,71506,2026-09-29,2026-09-29,NE,income_per_capita
2024-01-01,NEPCPI,72696,2026-09-29,2026-09-29,NE,income_per_capita
2025-01-01,NEPCPI,75858,2026-09-29,2026-09-29,NE,income_per_capita
2000-01-01,NVPCPI,31858,2026-09-29,2026-09-29,NV,income_per_capita
2001-01-01,NVPCPI,32418,2026-09-29,2026-09-29,NV,income_per_capita
2002-01-01,NVPCPI,32180,2026-09-29,2026-09-29,NV,income_per_capita
2003-01-01,NVPCPI,33136,2026-09-29,2026-09-29,NV,income_per_capita
2004-01-01,NVPCPI,35173,2026-09-29,2026-09-29,NV,income_per_capita
2005-01-01,NVPCPI,37907,2026-09-29,2026-09-29,NV,income_per_capita
2006-01-01,NVPCPI,39437,2026-09-29,2026-09-29,NV,income_per_capita
2007-01-01,NVPCPI,39870,2026-09-29,2026-09-29,NV,income_per_capita
2008-01-01,NVPCPI,38640,2026-09-29,2026-09-29,NV,income_per_capita
2009-01-01,NVPCPI,36125,2026-09-29,2026-09-29,NV,income_per_capita
2010-01-01,NVPCPI,37289,2026-09-29,2026-09-29,NV,income_per_capita
2011-01-01,NVPCPI,38595,2026-09-29,2026-09-29,NV,income_per_capita
2012-01-01,NVPCPI,39680,2026-09-29,2026-09-29,NV,income_per_capita
2013-01-01,NVPCPI,39331,2026-09-29,2026-09-29,NV,income_per_capita
2014-01-01,NVPCPI,41126,2026-09-29,2026-09-29,NV,income_per_capita
2015-01-01,NVPCPI,43799,2026-09-29,2026-09-29,NV,income_per_capita
2016-01-01,NVPCPI,44715,2026-09-29,2026-09-29,NV,income_per_capita
2017-01-01,NVPCPI,46991,2026-09-29,2026-09-29,NV,income_per_capita
2018-01-01,NVPCPI,49289,2026-09-29,2026-09-29,NV,income_per_capita
2019-01-01,NVPCPI,51942,2026-09-29,2026-09-29,NV,income_per_capita
2020-01-01,NVPCPI,54686,2026-09-29,2026-09-29,NV,income_per_capita
2021-01-01,NVPCPI,61024,2026-09-29,2026-09-29,NV,income_per_capita
2022-01-01,NVPCPI,62696,2026-09-29,2026-09-29,NV,income_per_capita
2023-01-01,NVPCPI,66767,2026-09-29,2026-09-29,NV,income_per_capita
2024-01-01,NVPCPI,70104,2026-09-29,2026-09-29,NV,income_per_capita
2025-01-01,NVPCPI,73156,2026-09-29,2026-09-29,NV,income_per_capita
2000-01-01,NHPCPI,35323,2026-09-29,2026-09-29,NH,income_per_capita
2001-01-01,NHPCPI,36782,2026-09-29,2026-09-29,NH,income_per_capita
2002-01-01,NHPCPI,37013,2026-09-29,2026-09-29,NH,income_per_capita
2003-01-01,NHPCPI,37374,2026-09-29,2026-09-29,NH,income_per_capita
2004-01-01,NHPCPI,39324,2026-09-29,2026-09-29,NH,income_per_capita
2005-01-01,NHPCPI,40404,2026-09-29,2026-09-29,NH,income_per_capita
2006-01-01,NHPCPI,42866,2026-09-29,2026-09-29,NH,income_per_capita
2007-01-01,NHPCPI,44422,2026-09-29,2026-09-29,NH,income_per_capita
2008-01-01,NHPCPI,45713,2026-09-29,2026-09-29,NH,income_per_capita
2009-01-01,NHPCPI,45119,2026-09-29,2026-09-29,NH,income_per_capita
2010-01-01,NHPCPI,46982,2026-09-29,2026-09-29,NH,income_per_capita
2011-01-01,NHPCPI,49086,2026-09-29,2026-09-29,NH,income_per_capita
2012-01-01,NHPCPI,50715,2026-09-29,2026-09-29,NH,income_per_capita
2013-01-01,NHPCPI,50423,2026-09-29,2026-09-29,NH,income_per_capita
2014-01-01,NHPCPI,51988,2026-09-29,2026-09-29,NH,income_per_capita
2015-01-01,NHPCPI,54161,2026-09-29,2026-09-29,NH,income_per_capita
2016-01-01,NHPCPI,55677,2026-09-29,2026-09-29,NH,income_per_capita
2017-01-01,NHPCPI,57878,2026-09-29,2026-09-29,NH,income_per_capita
2018-01-01,NHPCPI,60335,2026-09-29,2026-09-29,NH,income_per_capita
2019-01-01,NHPCPI,63946,2026-09-29,2026-09-29,NH,income_per_capita
2020-01-01,NHPCPI,67564,2026-09-29,2026-09-29,NH,income_per_capita
2021-01-01,NHPCPI,73970,2026-09-29,2026-09-29,NH,income_per_capita
2022-01-01,NHPCPI,75331,2026-09-29,2026-09-29,NH,income_per_capita
2023-01-01,NHPCPI,79305,2026-09-29,2026-09-29,NH,income_per_capita
2024-01-01,NHPCPI,83222,2026-09-29,2026-09-29,NH,income_per_capita
2025-01-01,NHPCPI,86959,2026-09-29,2026-09-29,NH,income_per_capita
2000-01-01,NJPCPI,39095,2026-09-29,2026-09-29,NJ,income_per_capita
2001-01-01,NJPCPI,40189,2026-09-29,2026-09-29,NJ,income_per_capita
2002-01-01,NJPCPI,40454,2026-09-29,2026-09-29,NJ,income_per_capita
2003-01-01,NJPCPI,41167,2026-09-29,2026-09-29,NJ,income_per_capita
2004-01-01,NJPCPI,42825,2026-09-29,2026-09-29,NJ,income_per_capita
2005-01-01,NJPCPI,44238,2026-09-29,2026-09-29,NJ,income_per_capita
2006-01-01,NJPCPI,47366,2026-09-29,2026-09-29,NJ,income_per_capita
2007-01-01,NJPCPI,50133,2026-09-29,2026-09-29,NJ,income_per_capita
2008-01-01,NJPCPI,51606,2026-09-29,2026-09-29,NJ,income_per_capita
2009-01-01,NJPCPI,49828,2026-09-29,2026-09-29,NJ,income_per_capita
2010-01-01,NJPCPI,50961,2026-09-29,2026-09-29,NJ,income_per_capita
2011-01-01,NJPCPI,52854,2026-09-29,2026-09-29,NJ,income_per_capita
2012-01-01,NJPCPI,54235,2026-09-29,2026-09-29,NJ,income_per_capita
2013-01-01,NJPCPI,54365,2026-09-29,2026-09-29,NJ,income_per_capita
2014-01-01,NJPCPI,56367,2026-09-29,2026-09-29,NJ,income_per_capita
2015-01-01,NJPCPI,58408,2026-09-29,2026-09-29,NJ,income_per_capita
2016-01-01,NJPCPI,59776,2026-09-29,2026-09-29,NJ,income_per_capita
2017-01-01,NJPCPI,61704,2026-09-29,2026-09-29,NJ,income_per_capita
2018-01-01,NJPCPI,64198,2026-09-29,2026-09-29,NJ,income_per_capita
2019-01-01,NJPCPI,67518,2026-09-29,2026-09-29,NJ,income_per_capita
2020-01-01,NJPCPI,70462,2026-09-29,2026-09-29,NJ,income_per_capita
2021-01-01,NJPCPI,76340,2026-09-29,2026-09-29,NJ,income_per_capita
2022-01-01,NJPCPI,77416,2026-09-29,2026-09-29,NJ,income_per_capita
2023-01-01,NJPCPI,81448,2026-09-29,2026-09-29,NJ,income_per_capita
2024-01-01,NJPCPI,84844,2026-09-29,2026-09-29,NJ,income_per_capita
2025-01-01,NJPCPI,88223,2026-09-29,2026-09-29,NJ,income_per_capita
2000-01-01,NMPCPI,23019,2026-09-29,2026-09-29,NM,income_per_capita
2001-01-01,NMPCPI,24545,2026-09-29,2026-09-29,NM,income_per_capita
2002-01-01,NMPCPI,25237,2026-09-29,2026-09-29,NM,income_per_capita
2003-01-01,NMPCPI,26108,2026-09-29,2026-09-29,NM,income_per_capita
2004-01-01,NMPCPI,27366,2026-09-29,2026-09-29,NM,income_per_capita
2005-01-01,NMPCPI,28744,2026-09-29,2026-09-29,NM,income_per_capita
2006-01-01,NMPCPI,30433,2026-09-29,2026-09-29,NM,income_per_capita
2007-01-01,NMPCPI,31780,2026-09-29,2026-09-29,NM,income_per_capita
2008-01-01,NMPCPI,33552,2026-09-29,2026-09-29,NM,income_per_capita
2009-01-01,NMPCPI,32901,2026-09-29,2026-09-29,NM,income_per_capita
2010-01-01,NMPCPI,33658,2026-09-29,2026-09-29,NM,income_per_capita
2011-01-01,NMPCPI,35069,2026-09-29,2026-09-29,NM,income_per_capita
2012-01-01,NMPCPI,35694,2026-09-29,2026-09-29,NM,income_per_capita
2013-01-01,NMPCPI,34857,2026-09-29,2026-09-29,NM,income_per_capita
2014-01-01,NMPCPI,36880,2026-09-29,2026-09-29,NM,income_per_capita
2015-01-01,NMPCPI,37752,2026-09-29,2026-09-29,NM,income_per_capita
2016-01-01,NMPCPI,38474,2026-09-29,2026-09-29,NM,income_per_capita
2017-01-01,NMPCPI,39196,2026-09-29,2026-09-29,NM,income_per_capita
2018-01-01,NMPCPI,40976,2026-09-29,2026-09-29,NM,income_per_capita
2019-01-01,NMPCPI,43223,2026-09-29,2026-09-29,NM,income_per_capita
2020-01-01,NMPCPI,46560,2026-09-29,2026-09-29,NM,income_per_capita
2021-01-01,NMPCPI,50855,2026-09-29,2026-09-29,NM,income_per_capita
2022-01-01,NMPCPI,53141,2026-09-29,2026-09-29,NM,income_per_capita
2023-01-01,NMPCPI,55505,2026-09-29,2026-09-29,NM,income_per_capita
2024-01-01,NMPCPI,58345,2026-09-29,2026-09-29,NM,income_per_capita
2025-01-01,NMPCPI,61645,2026-09-29,2026-09-29,NM,income_per_capita
2000-01-01,NYPCPI,35955,2026-09-29,2026-09-29,NY,income_per_capita
2001-01-01,NYPCPI,37176,2026-09-29,2026-09-29,NY,income_per_capita
2002-01-01,NYPCPI,36972,2026-09-29,2026-09-29,NY,income_per_capita
2003-01-01,NYPCPI,37420,2026-09-29,2026-09-29,NY,income_per_capita
2004-01-01,NYPCPI,39093,2026-09-29,2026-09-29,NY,income_per_capita
2005-01-01,NYPCPI,40645,2026-09-29,2026-09-29,NY,income_per_capita
2006-01-01,NYPCPI,43760,2026-09-29,2026-09-29,NY,income_per_capita
2007-01-01,NYPCPI,47020,2026-09-29,2026-09-29,NY,income_per_capita
2008-01-01,NYPCPI,47909,2026-09-29,2026-09-29,NY,income_per_capita
2009-01-01,NYPCPI,46936,2026-09-29,2026-09-29,NY,income_per_capita
2010-01-01,NYPCPI,48578,2026-09-29,2026-09-29,NY,income_per_capita
2011-01-01,NYPCPI,50772,2026-09-29,2026-09-29,NY,income_per_capita
2012-01-01,NYPCPI,52625,2026-09-29,2026-09-29,NY,income_per_capita
2013-01-01,NYPCPI,52874,2026-09-29,2026-09-29,NY,income_per_capita
2014-01-01,NYPCPI,54496,2026-09-29,2026-09-29,NY,income_per_capita
2015-01-01,NYPCPI,56608,2026-09-29,2026-09-29,NY,income_per_capita
2016-01-01,NYPCPI,58400,2026-09-29,2026-09-29,NY,income_per_capita
2017-01-01,NYPCPI,62206,2026-09-29,2026-09-29,NY,income_per_capita
2018-01-01,NYPCPI,64229,2026-09-29,2026-09-29,NY,income_per_capita
2019-01-01,NYPCPI,66460,2026-09-29,2026-09-29,NY,income_per_capita
2020-01-01,NYPCPI,70352,2026-09-29,2026-09-29,NY,income_per_capita
2021-01-01,NYPCPI,76410,2026-09-29,2026-09-29,NY,income_per_capita
2022-01-01,NYPCPI,77425,2026-09-29,2026-09-29,NY,income_per_capita
2023-01-01,NYPCPI,81729,2026-09-29,2026-09-29,NY,income_per_capita
2024-01-01,NYPCPI,84978,2026-09-29,2026-09-29,NY,income_per_capita
2025-01-01,NYPCPI,88847,2026-09-29,2026-09-29,NY,income_per_capita
2000-01-01,NCPCPI,27410,2026-09-29,2026-09-29,NC,income_per_capita
2001-01-01,NCPCPI,27782,2026-09-29,2026-09-29,NC,income_per_capita
2002-01-01,NCPCPI,27856,2026-09-29,2026-09-29,NC,income_per_capita
2003-01-01,NCPCPI,28709,2026-09-29,2026-09-29,NC,income_per_capita
2004-01-01,NCPCPI,30586,2026-09-29,2026-09-29,NC,income_per_capita
2005-01-01,NCPCPI,32209,2026-09-29,2026-09-29,NC,income_per_capita
2006-01-01,NCPCPI,34189,2026-09-29,2026-09-29,NC,income_per_capita
2007-01-01,NCPCPI,35960,2026-09-29,2026-09-29,NC,income_per_capita
2008-01-01,NCPCPI,37772,2026-09-29,2026-09-29,NC,income_per_capita
2009-01-01,NCPCPI,35921,2026-09-29,2026-09-29,NC,income_per_capita
2010-01-01,NCPCPI,35848,2026-09-29,2026-09-29,NC,income_per_capita
2011-01-01,NCPCPI,36822,2026-09-29,2026-09-29,NC,income_per_capita
2012-01-01,NCPCPI,38876,2026-09-29,2026-09-29,NC,income_per_capita
2013-01-01,NCPCPI,38074,2026-09-29,2026-09-29,NC,income_per_capita
2014-01-01,NCPCPI,39880,2026-09-29,2026-09-29,NC,income_per_capita
2015-01-01,NCPCPI,41632,2026-09-29,2026-09-29,NC,income_per_capita
2016-01-01,NCPCPI,42596,2026-09-29,2026-09-29,NC,income_per_capita
2017-01-01,NCPCPI,44219,2026-09-29,2026-09-29,NC,income_per_capita
2018-01-01,NCPCPI,46048,2026-09-29,2026-09-29,NC,income_per_capita
2019-01-01,NCPCPI,48374,2026-09-29,2026-09-29,NC,income_per_capita
2020-01-01,NCPCPI,51814,2026-09-29,2026-09-29,NC,income_per_capita
2021-01-01,NCPCPI,57227,2026-09-29,2026-09-29,NC,income_per_capita
2022-01-01,NCPCPI,59120,2026-09-29,2026-09-29,NC,income_per_capita
2023-01-01,NCPCPI,62287,2026-09-29,2026-09-29,NC,income_per_capita
2024-01-01,NCPCPI,65598,2026-09-29,2026-09-29,NC,income_per_capita
2025-01-01,NCPCPI,68511,2026-09-29,2026-09-29,NC,income_per_capita
2000-01-01,NDPCPI,25842,2026-09-29,2026-09-29,ND,income_per_capita
2001-01-01,NDPCPI,26493,2026-09-29,2026-09-29,ND,income_per_capita
2002-01-01,NDPCPI,27197,2026-09-29,2026-09-29,ND,income_per_capita
2003-01-01,NDPCPI,29663,2026-09-29,2026-09-29,ND,income_per_capita
2004-01-01,NDPCPI,29984,2026-09-29,2026-09-29,ND,income_per_capita
2005-01-01,NDPCPI,31731,2026-09-29,2026-09-29,ND,income_per_capita
2006-01-01,NDPCPI,33120,2026-09-29,2026-09-29,ND,income_per_capita
2007-01-01,NDPCPI,36501,2026-09-29,2026-09-29,ND,income_per_capita
2008-01-01,NDPCPI,40973,2026-09-29,2026-09-29,ND,income_per_capita
2009-01-01,NDPCPI,40186,2026-09-29,2026-09-29,ND,income_per_capita
2010-01-01,NDPCPI,44081,2026-09-29,2026-09-29,ND,income_per_capita
2011-01-01,NDPCPI,48873,2026-09-29,2026-09-29,ND,income_per_capita
2012-01-01,NDPCPI,56056,2026-09-29,2026-09-29,ND,income_per_capita
2013-01-01,NDPCPI,54337,2026-09-29,2026-09-29,ND,income_per_capita
2014-01-01,NDPCPI,56647,2026-09-29,2026-09-29,ND,income_per_capita
2015-01-01,NDPCPI,52972,2026-09-29,2026-09-29,ND,income_per_capita
2016-01-01,NDPCPI,51298,2026-09-29,2026-09-29,ND,income_per_capita
2017-01-01,NDPCPI,51830,2026-09-29,2026-09-29,ND,income_per_capita
2018-01-01,NDPCPI,55173,2026-09-29,2026-09-29,ND,income_per_capita
2019-01-01,NDPCPI,56657,2026-09-29,2026-09-29,ND,income_per_capita
2020-01-01,NDPCPI,60444,2026-09-29,2026-09-29,ND,income_per_capita
2021-01-01,NDPCPI,66157,2026-09-29,2026-09-29,ND,income_per_capita
2022-01-01,NDPCPI,71089,2026-09-29,2026-09-29,ND,income_per_capita
2023-01-01,NDPCPI,71725,2026-09-29,2026-09-29,ND,income_per_capita
2024-01-01,NDPCPI,72037,2026-09-29,2026-09-29,ND,income_per_capita
2025-01-01,NDPCPI,75157,2026-09-29,2026-09-29,ND,income_per_capita
2000-01-01,OHPCPI,28496,2026-09-29,2026-09-29,OH,income_per_capita
2001-01-01,OHPCPI,29261,2026-09-29,2026-09-29,OH,income_per_capita
2002-01-01,OHPCPI,29669,2026-09-29,2026-09-29,OH,income_per_capita
2003-01-01,OHPCPI,30471,2026-09-29,2026-09-29,OH,income_per_capita
2004-01-01,OHPCPI,31588,2026-09-29,2026-09-29,OH,income_per_capita
2005-01-01,OHPCPI,32419,2026-09-29,2026-09-29,OH,income_per_capita
2006-01-01,OHPCPI,33976,2026-09-29,2026-09-29,OH,income_per_capita
2007-01-01,OHPCPI,35371,2026-09-29,2026-09-29,OH,income_per_capita
2008-01-01,OHPCPI,36654,2026-09-29,2026-09-29,OH,income_per_capita
2009-01-01,OHPCPI,35593,2026-09-29,2026-09-29,OH,income_per_capita
2010-01-01,OHPCPI,36580,2026-09-29,2026-09-29,OH,income_per_capita
2011-01-01,OHPCPI,38927,2026-09-29,2026-09-29,OH,income_per_capita
2012-01-01,OHPCPI,40279,2026-09-29,2026-09-29,OH,income_per_capita
2013-01-01,OHPCPI,40752,2026-09-29,2026-09-29,OH,income_per_capita
2014-01-01,OHPCPI,42277,2026-09-29,2026-09-29,OH,income_per_capita
2015-01-01,OHPCPI,43799,2026-09-29,2026-09-29,OH,income_per_capita
2016-01-01,OHPCPI,44574,2026-09-29,2026-09-29,OH,income_per_capita
2017-01-01,OHPCPI,46114,2026-09-29,2026-09-29,OH,income_per_capita
2018-01-01,OHPCPI,47821,2026-09-29,2026-09-29,OH,income_per_capita
2019-01-01,OHPCPI,49395,2026-09-29,2026-09-29,OH,income_per_capita
2020-01-01,OHPCPI,52852,2026-09-29,2026-09-29,OH,income_per_capita
2021-01-01,OHPCPI,57537,2026-09-29,2026-09-29,OH,income_per_capita
2022-01-01,OHPCPI,58300,2026-09-29,2026-09-29,OH,income_per_capita
2023-01-01,OHPCPI,61822,2026-09-29,2026-09-29,OH,income_per_capita
2024-01-01,OHPCPI,64587,2026-09-29,2026-09-29,OH,income_per_capita
2025-01-01,OHPCPI,67291,2026-09-29,2026-09-29,OH,income_per_capita
2000-01-01,OKPCPI,24124,2026-09-29,2026-09-29,OK,income_per_capita
2001-01-01,OKPCPI,25557,2026-09-29,2026-09-29,OK,income_per_capita
2002-01-01,OKPCPI,25999,2026-09-29,2026-09-29,OK,income_per_capita
2003-01-01,OKPCPI,27184,2026-09-29,2026-09-29,OK,income_per_capita
2004-01-01,OKPCPI,29194,2026-09-29,2026-09-29,OK,income_per_capita
2005-01-01,OKPCPI,31699,2026-09-29,2026-09-29,OK,income_per_capita
2006-01-01,OKPCPI,34650,2026-09-29,2026-09-29,OK,income_per_capita
2007-01-01,OKPCPI,35493,2026-09-29,2026-09-29,OK,income_per_capita
2008-01-01,OKPCPI,39154,2026-09-29,2026-09-29,OK,income_per_capita
2009-01-01,OKPCPI,35835,2026-09-29,2026-09-29,OK,income_per_capita
2010-01-01,OKPCPI,37157,2026-09-29,2026-09-29,OK,income_per_capita
2011-01-01,OKPCPI,39694,2026-09-29,2026-09-29,OK,income_per_capita
2012-01-01,OKPCPI,41905,2026-09-29,2026-09-29,OK,income_per_capita
2013-01-01,OKPCPI,43607,2026-09-29,2026-09-29,OK,income_per_capita
2014-01-01,OKPCPI,45884,2026-09-29,2026-09-29,OK,income_per_capita
2015-01-01,OKPCPI,44279,2026-09-29,2026-09-29,OK,income_per_capita
2016-01-01,OKPCPI,42053,2026-09-29,2026-09-29,OK,income_per_capita
2017-01-01,OKPCPI,43873,2026-09-29,2026-09-29,OK,income_per_capita
2018-01-01,OKPCPI,46030,2026-09-29,2026-09-29,OK,income_per_capita
2019-01-01,OKPCPI,48177,2026-09-29,2026-09-29,OK,income_per_capita
2020-01-01,OKPCPI,49993,2026-09-29,2026-09-29,OK,income_per_capita
2021-01-01,OKPCPI,54574,2026-09-29,2026-09-29,OK,income_per_capita
2022-01-01,OKPCPI,57929,2026-09-29,2026-09-29,OK,income_per_capita
2023-01-01,OKPCPI,60871,2026-09-29,2026-09-29,OK,income_per_capita
2024-01-01,OKPCPI,63671,2026-09-29,2026-09-29,OK,income_per_capita
2025-01-01,OKPCPI,66660,2026-09-29,2026-09-29,OK,income_per_capita
2000-01-01,ORPCPI,28257,2026-09-29,2026-09-29,OR,income_per_capita
2001-01-01,ORPCPI,28774,2026-09-29,2026-09-29,OR,income_per_capita
2002-01-01,ORPCPI,28759,2026-09-29,2026-09-29,OR,income_per_capita
2003-01-01,ORPCPI,29523,2026-09-29,2026-09-29,OR,income_per_capita
2004-01-01,ORPCPI,30980,2026-09-29,2026-09-29,OR,income_per_capita
2005-01-01,ORPCPI,32125,2026-09-29,2026-09-29,OR,income_per_capita
2006-01-01,ORPCPI,34488,2026-09-29,2026-09-29,OR,income_per_capita
2007-01-01,ORPCPI,35624,2026-09-29,2026-09-29,OR,income_per_capita
2008-01-01,ORPCPI,36856,2026-09-29,2026-09-29,OR,income_per_capita
2009-01-01,ORPCPI,35286,2026-09-29,2026-09-29,OR,income_per_capita
2010-01-01,ORPCPI,35941,2026-09-29,2026-09-29,OR,income_per_capita
2011-01-01,ORPCPI,37531,2026-09-29,2026-09-29,OR,income_per_capita
2012-01-01,ORPCPI,39128,2026-09-29,2026-09-29,OR,income_per_capita
2013-01-01,ORPCPI,39462,2026-09-29,2026-09-29,OR,income_per_capita
2014-01-01,ORPCPI,41654,2026-09-29,2026-09-29,OR,income_per_capita
2015-01-01,ORPCPI,44166,2026-09-29,2026-09-29,OR,income_per_capita
2016-01-01,ORPCPI,45467,2026-09-29,2026-09-29,OR,income_per_capita
2017-01-01,ORPCPI,47566,2026-09-29,2026-09-29,OR,income_per_capita
2018-01-01,ORPCPI,50209,2026-09-29,2026-09-29,OR,income_per_capita
2019-01-01,ORPCPI,52190,2026-09-29,2026-09-29,OR,income_per_capita
2020-01-01,ORPCPI,56663,2026-09-29,2026-09-29,OR,income_per_capita
2021-01-01,ORPCPI,62647,2026-09-29,2026-09-29,OR,income_per_capita
2022-01-01,ORPCPI,63691,2026-09-29,2026-09-29,OR,income_per_capita
2023-01-01,ORPCPI,67518,2026-09-29,2026-09-29,OR,income_per_capita
2024-01-01,ORPCPI,70940,2026-09-29,2026-09-29,OR,income_per_capita
2025-01-01,ORPCPI,73678,2026-09-29,2026-09-29,OR,income_per_capita
2000-01-01,PAPCPI,30339,2026-09-29,2026-09-29,PA,income_per_capita
2001-01-01,PAPCPI,31563,2026-09-29,2026-09-29,PA,income_per_capita
2002-01-01,PAPCPI,32084,2026-09-29,2026-09-29,PA,income_per_capita
2003-01-01,PAPCPI,33066,2026-09-29,2026-09-29,PA,income_per_capita
2004-01-01,PAPCPI,34860,2026-09-29,2026-09-29,PA,income_per_capita
2005-01-01,PAPCPI,36173,2026-09-29,2026-09-29,PA,income_per_capita
2006-01-01,PAPCPI,37803,2026-09-29,2026-09-29,PA,income_per_capita
2007-01-01,PAPCPI,40008,2026-09-29,2026-09-29,PA,income_per_capita
2008-01-01,PAPCPI,41467,2026-09-29,2026-09-29,PA,income_per_capita
2009-01-01,PAPCPI,40446,2026-09-29,2026-09-29,PA,income_per_capita
2010-01-01,PAPCPI,42097,2026-09-29,2026-09-29,PA,income_per_capita
2011-01-01,PAPCPI,44119,2026-09-29,2026-09-29,PA,income_per_capita
2012-01-01,PAPCPI,45637,2026-09-29,2026-09-29,PA,income_per_capita
2013-01-01,PAPCPI,45902,2026-09-29,2026-09-29,PA,income_per_capita
2014-01-01,PAPCPI,47467,2026-09-29,2026-09-29,PA,income_per_capita
2015-01-01,PAPCPI,49291,2026-09-29,2026-09-29,PA,income_per_capita
2016-01-01,PAPCPI,50572,2026-09-29,2026-09-29,PA,income_per_capita
2017-01-01,PAPCPI,51886,2026-09-29,2026-09-29,PA,income_per_capita
2018-01-01,PAPCPI,54468,2026-09-29,2026-09-29,PA,income_per_capita
2019-01-01,PAPCPI,56139,2026-09-29,2026-09-29,PA,income_per_capita
2020-01-01,PAPCPI,60281,2026-09-29,2026-09-29,PA,income_per_capita
2021-01-01,PAPCPI,64003,2026-09-29,2026-09-29,PA,income_per_capita
2022-01-01,PAPCPI,65080,2026-09-29,2026-09-29,PA,income_per_capita
2023-01-01,PAPCPI,68101,2026-09-29,2026-09-29,PA,income_per_capita
2024-01-01,PAPCPI,70856,2026-09-29,2026-09-29,PA,income_per_capita
2025-01-01,PAPCPI,74231,2026-09-29,2026-09-29,PA,income_per_capita
2000-01-01,RIPCPI,30350,2026-09-29,2026-09-29,RI,income_per_capita
2001-01-01,RIPCPI,31795,2026-09-29,2026-09-29,RI,income_per_capita
2002-01-01,RIPCPI,32801,2026-09-29,2026-09-29,RI,income_per_capita
2003-01-01,RIPCPI,34256,2026-09-29,2026-09-29,RI,income_per_capita
2004-01-01,RIPCPI,35867,2026-09-29,2026-09-29,RI,income_per_capita
2005-01-01,RIPCPI,36746,2026-09-29,2026-09-29,RI,income_per_capita
2006-01-01,RIPCPI,38719,2026-09-29,2026-09-29,RI,income_per_capita
2007-01-01,RIPCPI,40608,2026-09-29,2026-09-29,RI,income_per_capita
2008-01-01,RIPCPI,41487,2026-09-29,2026-09-29,RI,income_per_capita
2009-01-01,RIPCPI,40588,2026-09-29,2026-09-29,RI,income_per_capita
2010-01-01,RIPCPI,42630,2026-09-29,2026-09-29,RI,income_per_capita
2011-01-01,RIPCPI,44095,2026-09-29,2026-09-29,RI,income_per_capita
2012-01-01,RIPCPI,45298,2026-09-29,2026-09-29,RI,income_per_capita
2013-01-01,RIPCPI,45104,2026-09-29,2026-09-29,RI,income_per_capita
2014-01-01,RIPCPI,46630,2026-09-29,2026-09-29,RI,income_per_capita
2015-01-01,RIPCPI,48049,2026-09-29,2026-09-29,RI,income_per_capita
2016-01-01,RIPCPI,48515,2026-09-29,2026-09-29,RI,income_per_capita
2017-01-01,RIPCPI,50414,2026-09-29,2026-09-29,RI,income_per_capita
2018-01-01,RIPCPI,52132,2026-09-29,2026-09-29,RI,income_per_capita
2019-01-01,RIPCPI,55123,2026-09-29,2026-09-29,RI,income_per_capita
2020-01-01,RIPCPI,59277,2026-09-29,2026-09-29,RI,income_per_capita
2021-01-01,RIPCPI,63101,2026-09-29,2026-09-29,RI,income_per_capita
2022-01-01,RIPCPI,64538,2026-09-29,2026-09-29,RI,income_per_capita
2023-01-01,RIPCPI,67907,2026-09-29,2026-09-29,RI,income_per_capita
2024-01-01,RIPCPI,70743,2026-09-29,2026-09-29,RI,income_per_capita
2025-01-01,RIPCPI,73992,2026-09-29,2026-09-29,RI,income_per_capita
2000-01-01,SCPCPI,25025,2026-09-29,2026-09-29,SC,income_per_capita
2001-01-01,SCPCPI,25644,2026-09-29,2026-09-29,SC,income_per_capita
2002-01-01,SCPCPI,26122,2026-09-29,2026-09-29,SC,income_per_capita
2003-01-01,SCPCPI,26792,2026-09-29,2026-09-29,SC,income_per_capita
2004-01-01,SCPCPI,27892,2026-09-29,2026-09-29,SC,income_per_capita
2005-01-01,SCPCPI,29136,2026-09-29,2026-09-29,SC,income_per_capita
2006-01-01,SCPCPI,30789,2026-09-29,2026-09-29,SC,income_per_capita
2007-01-01,SCPCPI,32190,2026-09-29,2026-09-29,SC,income_per_capita
2008-01-01,SCPCPI,33110,2026-09-29,2026-09-29,SC,income_per_capita
2009-01-01,SCPCPI,31973,2026-09-29,2026-09-29,SC,income_per_capita
2010-01-01,SCPCPI,32749,2026-09-29,2026-09-29,SC,income_per_capita
2011-01-01,SCPCPI,34406,2026-09-29,2026-09-29,SC,income_per_capita
2012-01-01,SCPCPI,35807,2026-09-29,2026-09-29,SC,income_per_capita
2013-01-01,SCPCPI,35923,2026-09-29,2026-09-29,SC,income_per_capita
2014-01-01,SCPCPI,37755,2026-09-29,2026-09-29,SC,income_per_capita
2015-01-01,SCPCPI,39598,2026-09-29,2026-09-29,SC,income_per_capita
2016-01-01,SCPCPI,40752,2026-09-29,2026-09-29,SC,income_per_capita
2017-01-01,SCPCPI,42385,2026-09-29,2026-09-29,SC,income_per_capita
2018-01-01,SCPCPI,43817,2026-09-29,2026-09-29,SC,income_per_capita
2019-01-01,SCPCPI,46150,2026-09-29,2026-09-29,SC,income_per_capita
2020-01-01,SCPCPI,48763,2026-09-29,2026-09-29,SC,income_per_capita
2021-01-01,SCPCPI,53389,2026-09-29,2026-09-29,SC,income_per_capita
2022-01-01,SCPCPI,54550,2026-09-29,2026-09-29,SC,income_per_capita
2023-01-01,SCPCPI,57735,2026-09-29,2026-09-29,SC,income_per_capita
2024-01-01,SCPCPI,60649,2026-09-29,2026-09-29,SC,income_per_capita
2025-01-01,SCPCPI,63179,2026-09-29,2026-09-29,SC,income_per_capita
2000-01-01,SDPCPI,26727,2026-09-29,2026-09-29,SD,income_per_capita
2001-01-01,SDPCPI,27563,2026-09-29,2026-09-29,SD,income_per_capita
2002-01-01,SDPCPI,27497,2026-09-29,2026-09-29,SD,income_per_capita
2003-01-01,SDPCPI,29883,2026-09-29,2026-09-29,SD,income_per_capita
2004-01-01,SDPCPI,31871,2026-09-29,2026-09-29,SD,income_per_capita
2005-01-01,SDPCPI,33534,2026-09-29,2026-09-29,SD,income_per_capita
2006-01-01,SDPCPI,34983,2026-09-29,2026-09-29,SD,income_per_capita
2007-01-01,SDPCPI,38330,2026-09-29,2026-09-29,SD,income_per_capita
2008-01-01,SDPCPI,40891,2026-09-29,2026-09-29,SD,income_per_capita
2009-01-01,SDPCPI,39435,2026-09-29,2026-09-29,SD,income_per_capita
2010-01-01,SDPCPI,41275,2026-09-29,2026-09-29,SD,income_per_capita
2011-01-01,SDPCPI,44532,2026-09-29,2026-09-29,SD,income_per_capita
2012-01-01,SDPCPI,44996,2026-09-29,2026-09-29,SD,income_per_capita
2013-01-01,SDPCPI,44988,2026-09-29,2026-09-29,SD,income_per_capita
2014-01-01,SDPCPI,46732,2026-09-29,2026-09-29,SD,income_per_capita
2015-01-01,SDPCPI,48308,2026-09-29,2026-09-29,SD,income_per_capita
2016-01-01,SDPCPI,48284,2026-09-29,2026-09-29,SD,income_per_capita
2017-01-01,SDPCPI,49408,2026-09-29,2026-09-29,SD,income_per_capita
2018-01-01,SDPCPI,51579,2026-09-29,2026-09-29,SD,income_per_capita
2019-01-01,SDPCPI,54408,2026-09-29,2026-09-29,SD,income_per_capita
2020-01-01,SDPCPI,59595,2026-09-29,2026-09-29,SD,income_per_capita
2021-01-01,SDPCPI,67188,2026-09-29,2026-09-29,SD,income_per_capita
2022-01-01,SDPCPI,69795,2026-09-29,2026-09-29,SD,income_per_capita
2023-01-01,SDPCPI,74201,2026-09-29,2026-09-29,SD,income_per_capita
2024-01-01,SDPCPI,75499,2026-09-29,2026-09-29,SD,income_per_capita
2025-01-01,SDPCPI,79297,2026-09-29,2026-09-29,SD,income_per_capita
2000-01-01,TNPCPI,26998,2026-09-29,2026-09-29,TN,income_per_capita
2001-01-01,TNPCPI,27496,2026-09-29,2026-09-29,TN,income_per_capita
2002-01-01,TNPCPI,28102,2026-09-29,2026-09-29,TN,income_per_capita
2003-01-01,TNPCPI,29059,2026-09-29,2026-09-29,TN,income_per_capita
2004-01-01,TNPCPI,30435,2026-09-29,2026-09-29,TN,income_per_capita
2005-01-01,TNPCPI,31410,2026-09-29,2026-09-29,TN,income_per_capita
2006-01-01,TNPCPI,32878,2026-09-29,2026-09-29,TN,income_per_capita
2007-01-01,TNPCPI,33963,2026-09-29,2026-09-29,TN,income_per_capita
2008-01-01,TNPCPI,34954,2026-09-29,2026-09-29,TN,income_per_capita
2009-01-01,TNPCPI,34427,2026-09-29,2026-09-29,TN,income_per_capita
2010-01-01,TNPCPI,35809,2026-09-29,2026-09-29,TN,income_per_capita
2011-01-01,TNPCPI,37696,2026-09-29,2026-09-29,TN,income_per_capita
2012-01-01,TNPCPI,39079,2026-09-29,2026-09-29,TN,income_per_capita
2013-01-01,TNPCPI,39099,2026-09-29,2026-09-29,TN,income_per_capita
2014-01-01,TNPCPI,40225,2026-09-29,2026-09-29,TN,income_per_capita
2015-01-01,TNPCPI,41937,2026-09-29,2026-09-29,TN,income_per_capita
2016-01-01,TNPCPI,42938,2026-09-29,2026-09-29,TN,income_per_capita
2017-01-01,TNPCPI,44407,2026-09-29,2026-09-29,TN,income_per_capita
2018-01-01,TNPCPI,46449,2026-09-29,2026-09-29,TN,income_per_capita
2019-01-01,TNPCPI,48903,2026-09-29,2026-09-29,TN,income_per_capita
2020-01-01,TNPCPI,51979,2026-09-29,2026-09-29,TN,income_per_capita
2021-01-01,TNPCPI,57707,2026-09-29,2026-09-29,TN,income_per_capita
2022-01-01,TNPCPI,59097,2026-09-29,2026-09-29,TN,income_per_capita
2023-01-01,TNPCPI,63437,2026-09-29,2026-09-29,TN,income_per_capita
2024-01-01,TNPCPI,66288,2026-09-29,2026-09-29,TN,income_per_capita
2025-01-01,TNPCPI,69131,2026-09-29,2026-09-29,TN,income_per_capita
2000-01-01,TXPCPI,28253,2026-09-29,2026-09-29,TX,income_per_capita
2001-01-01,TXPCPI,29601,2026-09-29,2026-09-29,TX,income_per_capita
2002-01-01,TXPCPI,29481,2026-09-29,2026-09-29,TX,income_per_capita
2003-01-01,TXPCPI,30176,2026-09-29,2026-09-29,TX,income_per_capita
2004-01-01,TXPCPI,31097,2026-09-29,2026-09-29,TX,income_per_capita
2005-01-01,TXPCPI,33136,2026-09-29,2026-09-29,TX,income_per_capita
2006-01-01,TXPCPI,35422,2026-09-29,2026-09-29,TX,income_per_capita
2007-01-01,TXPCPI,36879,2026-09-29,2026-09-29,TX,income_per_capita
2008-01-01,TXPCPI,39841,2026-09-29,2026-09-29,TX,income_per_capita
2009-01-01,TXPCPI,37234,2026-09-29,2026-09-29,TX,income_per_capita
2010-01-01,TXPCPI,38911,2026-09-29,2026-09-29,TX,income_per_capita
2011-01-01,TXPCPI,41941,2026-09-29,2026-09-29,TX,income_per_capita
2012-01-01,TXPCPI,43869,2026-09-29,2026-09-29,TX,income_per_capita
2013-01-01,TXPCPI,44403,2026-09-29,2026-09-29,TX,income_per_capita
2014-01-01,TXPCPI,46747,2026-09-29,2026-09-29,TX,income_per_capita
2015-01-01,TXPCPI,46767,2026-09-29,2026-09-29,TX,income_per_capita
2016-01-01,TXPCPI,45868,2026-09-29,2026-09-29,TX,income_per_capita
2017-01-01,TXPCPI,48524,2026-09-29,2026-09-29,TX,income_per_capita
2018-01-01,TXPCPI,51346,2026-09-29,2026-09-29,TX,income_per_capita
2019-01-01,TXPCPI,53271,2026-09-29,2026-09-29,TX,income_per_capita
2020-01-01,TXPCPI,54825,2026-09-29,2026-09-29,TX,income_per_capita
2021-01-01,TXPCPI,60396,2026-09-29,2026-09-29,TX,income_per_capita
2022-01-01,TXPCPI,63758,2026-09-29,2026-09-29,TX,income_per_capita
2023-01-01,TXPCPI,67522,2026-09-29,2026-09-29,TX,income_per_capita
2024-01-01,TXPCPI,69762,2026-09-29,2026-09-29,TX,income_per_capita
2025-01-01,TXPCPI,72364,2026-09-29,2026-09-29,TX,income_per_capita
2000-01-01,UTPCPI,24162,2026-09-29,2026-09-29,UT,income_per_capita
2001-01-01,UTPCPI,24867,2026-09-29,2026-09-29,UT,income_per_capita
2002-01-01,UTPCPI,25167,2026-09-29,2026-09-29,UT,income_per_capita
2003-01-01,UTPCPI,25749,2026-09-29,2026-09-29,UT,income_per_capita
2004-01-01,UTPCPI,26980,2026-09-29,2026-09-29,UT,income_per_capita
2005-01-01,UTPCPI,28751,2026-09-29,2026-09-29,UT,income_per_capita
2006-01-01,UTPCPI,31107,2026-09-29,2026-09-29,UT,income_per_capita
2007-01-01,UTPCPI,32924,2026-09-29,2026-09-29,UT,income_per_capita
2008-01-01,UTPCPI,33784,2026-09-29,2026-09-29,UT,income_per_capita
2009-01-01,UTPCPI,31796,2026-09-29,2026-09-29,UT,income_per_capita
2010-01-01,UTPCPI,32037,2026-09-29,2026-09-29,UT,income_per_capita
2011-01-01,UTPCPI,34015,2026-09-29,2026-09-29,UT,income_per_capita
2012-01-01,UTPCPI,35622,2026-09-29,2026-09-29,UT,income_per_capita
2013-01-01,UTPCPI,36102,2026-09-29,2026-09-29,UT,income_per_capita
2014-01-01,UTPCPI,37621,2026-09-29,2026-09-29,UT,income_per_capita
2015-01-01,UTPCPI,39881,2026-09-29,2026-09-29,UT,income_per_capita
2016-01-01,UTPCPI,41295,2026-09-29,2026-09-29,UT,income_per_capita
2017-01-01,UTPCPI,43030,2026-09-29,2026-09-29,UT,income_per_capita
2018-01-01,UTPCPI,45463,2026-09-29,2026-09-29,UT,income_per_capita
2019-01-01,UTPCPI,48163,2026-09-29,2026-09-29,UT,income_per_capita
2020-01-01,UTPCPI,51764,2026-09-29,2026-09-29,UT,income_per_capita
2021-01-01,UTPCPI,58325,2026-09-29,2026-09-29,UT,income_per_capita
2022-01-01,UTPCPI,60713,2026-09-29,2026-09-29,UT,income_per_capita
2023-01-01,UTPCPI,64431,2026-09-29,2026-09-29,UT,income_per_capita
2024-01-01,UTPCPI,67345,2026-09-29,2026-09-29,UT,income_per_capita
2025-01-01,UTPCPI,69991,2026-09-29,2026-09-29,UT,income_per_capita
2000-01-01,VTPCPI,29002,2026-09-29,2026-09-29,VT,income_per_capita
2001-01-01,VTPCPI,30704,2026-09-29,2026-09-29,VT,income_per_capita
2002-01-01,VTPCPI,31194,2026-09-29,2026-09-29,VT,income_per_capita
2003-01-01,VTPCPI,32282,2026-09-29,2026-09-29,VT,income_per_capita
2004-01-01,VTPCPI,33955,2026-09-29,2026-09-29,VT,income_per_capita
2005-01-01,VTPCPI,34573,2026-09-29,2026-09-29,VT,income_per_capita
2006-01-01,VTPCPI,36609,2026-09-29,2026-09-29,VT,income_per_capita
2007-01-01,VTPCPI,38595,2026-09-29,2026-09-29,VT,income_per_capita
2008-01-01,VTPCPI,40774,2026-09-29,2026-09-29,VT,income_per_capita
2009-01-01,VTPCPI,40358,2026-09-29,2026-09-29,VT,income_per_capita
2010-01-01,VTPCPI,41491,2026-09-29,2026-09-29,VT,income_per_capita
2011-01-01,VTPCPI,43754,2026-09-29,2026-09-29,VT,income_per_capita
2012-01-01,VTPCPI,44858,2026-09-29,2026-09-29,VT,income_per_capita
2013-01-01,VTPCPI,45296,2026-09-29,2026-09-29,VT,income_per_capita
2014-01-01,VTPCPI,46894,2026-09-29,2026-09-29,VT,income_per_capita
2015-01-01,VTPCPI,48117,2026-09-29,2026-09-29,VT,income_per_capita
2016-01-01,VTPCPI,48827,2026-09-29,2026-09-29,VT,income_per_capita
2017-01-01,VTPCPI,50009,2026-09-29,2026-09-29,VT,income_per_capita
2018-01-01,VTPCPI,51691,2026-09-29,2026-09-29,VT,income_per_capita
2019-01-01,VTPCPI,54278,2026-09-29,2026-09-29,VT,income_per_capita
2020-01-01,VTPCPI,58157,2026-09-29,2026-09-29,VT,income_per_capita
2021-01-01,VTPCPI,61110,2026-09-29,2026-09-29,VT,income_per_capita
2022-01-01,VTPCPI,63829,2026-09-29,2026-09-29,VT,income_per_capita
2023-01-01,VTPCPI,68021,2026-09-29,2026-09-29,VT,income_per_capita
2024-01-01,VTPCPI,71505,2026-09-29,2026-09-29,VT,income_per_capita
2025-01-01,VTPCPI,74580,2026-09-29,2026-09-29,VT,income_per_capita
2000-01-01,VAPCPI,32631,2026-09-29,2026-09-29,VA,income_per_capita
2001-01-01,VAPCPI,33940,2026-09-29,2026-09-29,VA,income_per_capita
2002-01-01,VAPCPI,34495,2026-09-29,2026-09-29,VA,income_per_capita
2003-01-01,VAPCPI,36151,2026-09-29,2026-09-29,VA,income_per_capita
2004-01-01,VAPCPI,38082,2026-09-29,2026-09-29,VA,income_per_capita
2005-01-01,VAPCPI,40027,2026-09-29,2026-09-29,VA,income_per_capita
2006-01-01,VAPCPI,42164,2026-09-29,2026-09-29,VA,income_per_capita
2007-01-01,VAPCPI,44020,2026-09-29,2026-09-29,VA,income_per_capita
2008-01-01,VAPCPI,45383,2026-09-29,2026-09-29,VA,income_per_capita
2009-01-01,VAPCPI,44091,2026-09-29,2026-09-29,VA,income_per_capita
2010-01-01,VAPCPI,45442,2026-09-29,2026-09-29,VA,income_per_capita
2011-01-01,VAPCPI,47563,2026-09-29,2026-09-29,VA,income_per_capita
2012-01-01,VAPCPI,49049,2026-09-29,2026-09-29,VA,income_per_capita
2013-01-01,VAPCPI,48195,2026-09-29,2026-09-29,VA,income_per_capita
2014-01-01,VAPCPI,49760,2026-09-29,2026-09-29,VA,income_per_capita
2015-01-01,VAPCPI,51617,2026-09-29,2026-09-29,VA,income_per_capita
2016-01-01,VAPCPI,52656,2026-09-29,2026-09-29,VA,income_per_capita
2017-01-01,VAPCPI,54377,2026-09-29,2026-09-29,VA,income_per_capita
2018-01-01,VAPCPI,56130,2026-09-29,2026-09-29,VA,income_per_capita
2019-01-01,VAPCPI,58362,2026-09-29,2026-09-29,VA,income_per_capita
2020-01-01,VAPCPI,61451,2026-09-29,2026-09-29,VA,income_per_capita
2021-01-01,VAPCPI,67214,2026-09-29,2026-09-29,VA,income_per_capita
2022-01-01,VAPCPI,69581,2026-09-29,2026-09-29,VA,income_per_capita
2023-01-01,VAPCPI,73912,2026-09-29,2026-09-29,VA,income_per_capita
2024-01-01,VAPCPI,77277,2026-09-29,2026-09-29,VA,income_per_capita
2025-01-01,VAPCPI,80291,2026-09-29,2026-09-29,VA,income_per_capita
2000-01-01,WAPCPI,32538,2026-09-29,2026-09-29,WA,income_per_capita
2001-01-01,WAPCPI,32986,2026-09-29,2026-09-29,WA,income_per_capita
2002-01-01,WAPCPI,33222,2026-09-29,2026-09-29,WA,income_per_capita
2003-01-01,WAPCPI,34267,2026-09-29,2026-09-29,WA,income_per_capita
2004-01-01,WAPCPI,36309,2026-09-29,2026-09-29,WA,income_per_capita
2005-01-01,WAPCPI,37202,2026-09-29,2026-09-29,WA,income_per_capita
2006-01-01,WAPCPI,39744,2026-09-29,2026-09-29,WA,income_per_capita
2007-01-01,WAPCPI,42524,2026-09-29,2026-09-29,WA,income_per_capita
2008-01-01,WAPCPI,44098,2026-09-29,2026-09-29,WA,income_per_capita
2009-01-01,WAPCPI,41679,2026-09-29,2026-09-29,WA,income_per_capita
2010-01-01,WAPCPI,42327,2026-09-29,2026-09-29,WA,income_per_capita
2011-01-01,WAPCPI,44279,2026-09-29,2026-09-29,WA,income_per_capita
2012-01-01,WAPCPI,47053,2026-09-29,2026-09-29,WA,income_per_capita
2013-01-01,WAPCPI,47448,2026-09-29,2026-09-29,WA,income_per_capita
2014-01-01,WAPCPI,50259,2026-09-29,2026-09-29,WA,income_per_capita
2015-01-01,WAPCPI,52408,2026-09-29,2026-09-29,WA,income_per_capita
2016-01-01,WAPCPI,54296,2026-09-29,2026-09-29,WA,income_per_capita
2017-01-01,WAPCPI,56800,2026-09-29,2026-09-29,WA,income_per_capita
2018-01-01,WAPCPI,59824,2026-09-29,2026-09-29,WA,income_per_capita
2019-01-01,WAPCPI,63431,2026-09-29,2026-09-29,WA,income_per_capita
2020-01-01,WAPCPI,67669,2026-09-29,2026-09-29,WA,income_per_capita
2021-01-01,WAPCPI,73944,2026-09-29,2026-09-29,WA,income_per_capita
2022-01-01,WAPCPI,76120,2026-09-29,2026-09-29,WA,income_per_capita
2023-01-01,WAPCPI,81280,2026-09-29,2026-09-29,WA,income_per_capita
2024-01-01,WAPCPI,85512,2026-09-29,2026-09-29,WA,income_per_capita
2025-01-01,WAPCPI,89396,2026-09-29,2026-09-29,WA,income_per_capita
2000-01-01,WVPCPI,22275,2026-09-29,2026-09-29,WV,income_per_capita
2001-01-01,WVPCPI,23731,2026-09-29,2026-09-29,WV,income_per_capita
2002-01-01,WVPCPI,24506,2026-09-29,2026-09-29,WV,income_per_capita
2003-01-01,WVPCPI,24804,2026-09-29,2026-09-29,WV,income_per_capita
2004-01-01,WVPCPI,25628,2026-09-29,2026-09-29,WV,income_per_capita
2005-01-01,WVPCPI,26836,2026-09-29,2026-09-29,WV,income_per_capita
2006-01-01,WVPCPI,28528,2026-09-29,2026-09-29,WV,income_per_capita
2007-01-01,WVPCPI,29544,2026-09-29,2026-09-29,WV,income_per_capita
2008-01-01,WVPCPI,31494,2026-09-29,2026-09-29,WV,income_per_capita
2009-01-01,WVPCPI,31653,2026-09-29,2026-09-29,WV,income_per_capita
2010-01-01,WVPCPI,32642,2026-09-29,2026-09-29,WV,income_per_capita
2011-01-01,WVPCPI,34490,2026-09-29,2026-09-29,WV,income_per_capita
2012-01-01,WVPCPI,35233,2026-09-29,2026-09-29,WV,income_per_capita
2013-01-01,WVPCPI,35093,2026-09-29,2026-09-29,WV,income_per_capita
2014-01-01,WVPCPI,36243,2026-09-29,2026-09-29,WV,income_per_capita
2015-01-01,WVPCPI,37068,2026-09-29,2026-09-29,WV,income_per_capita
2016-01-01,WVPCPI,37075,2026-09-29,2026-09-29,WV,income_per_capita
2017-01-01,WVPCPI,38841,2026-09-29,2026-09-29,WV,income_per_capita
2018-01-01,WVPCPI,41001,2026-09-29,2026-09-29,WV,income_per_capita
2019-01-01,WVPCPI,42615,2026-09-29,2026-09-29,WV,income_per_capita
2020-01-01,WVPCPI,44897,2026-09-29,2026-09-29,WV,income_per_capita
2021-01-01,WVPCPI,48895,2026-09-29,2026-09-29,WV,income_per_capita
2022-01-01,WVPCPI,50163,2026-09-29,2026-09-29,WV,income_per_capita
2023-01-01,WVPCPI,52977,2026-09-29,2026-09-29,WV,income_per_capita
2024-01-01,WVPCPI,55432,2026-09-29,2026-09-29,WV,income_per_capita
2025-01-01,WVPCPI,57932,2026-09-29,2026-09-29,WV,income_per_capita
2000-01-01,WIPCPI,29493,2026-09-29,2026-09-29,WI,income_per_capita
2001-01-01,WIPCPI,30812,2026-09-29,2026-09-29,WI,income_per_capita
2002-01-01,WIPCPI,31406,2026-09-29,2026-09-29,WI,income_per_capita
2003-01-01,WIPCPI,32084,2026-09-29,2026-09-29,WI,income_per_capita
2004-01-01,WIPCPI,33319,2026-09-29,2026-09-29,WI,income_per_capita
2005-01-01,WIPCPI,34218,2026-09-29,2026-09-29,WI,income_per_capita
2006-01-01,WIPCPI,36047,2026-09-29,2026-09-29,WI,income_per_capita
2007-01-01,WIPCPI,37522,2026-09-29,2026-09-29,WI,income_per_capita
2008-01-01,WIPCPI,38857,2026-09-29,2026-09-29,WI,income_per_capita
2009-01-01,WIPCPI,38138,2026-09-29,2026-09-29,WI,income_per_capita
2010-01-01,WIPCPI,39048,2026-09-29,2026-09-29,WI,income_per_capita
2011-01-01,WIPCPI,41067,2026-09-29,2026-09-29,WI,income_per_capita
2012-01-01,WIPCPI,42639,2026-09-29,2026-09-29,WI,income_per_capita
2013-01-01,WIPCPI,42685,2026-09-29,2026-09-29,WI,income_per_capita
2014-01-01,WIPCPI,44156,2026-09-29,2026-09-29,WI,income_per_capita
2015-01-01,WIPCPI,45928,2026-09-29,2026-09-29,WI,income_per_capita
2016-01-01,WIPCPI,46595,2026-09-29,2026-09-29,WI,income_per_capita
2017-01-01,WIPCPI,48311,2026-09-29,2026-09-29,WI,income_per_capita
2018-01-01,WIPCPI,50520,2026-09-29,2026-09-29,WI,income_per_capita
2019-01-01,WIPCPI,52370,2026-09-29,2026-09-29,WI,income_per_capita
2020-01-01,WIPCPI,55499,2026-09-29,2026-09-29,WI,income_per_capita
2021-01-01,WIPCPI,60693,2026-09-29,2026-09-29,WI,income_per_capita
2022-01-01,WIPCPI,61837,2026-09-29,2026-09-29,WI,income_per_capita
2023-01-01,WIPCPI,64873,2026-09-29,2026-09-29,WI,income_per_capita
2024-01-01,WIPCPI,67799,2026-09-29,2026-09-29,WI,income_per_capita
2025-01-01,WIPCPI,70570,2026-09-29,2026-09-29,WI,income_per_capita
2000-01-01,WYPCPI,29426,2026-09-29,2026-09-29,WY,income_per_capita
2001-01-01,WYPCPI,31215,2026-09-29,2026-09-29,WY,income_per_capita
2002-01-01,WYPCPI,31810,2026-09-29,2026-09-29,WY,income_per_capita
2003-01-01,WYPCPI,33642,2026-09-29,2026-09-29,WY,income_per_capita
2004-01-01,WYPCPI,35921,2026-09-29,2026-09-29,WY,income_per_capita
2005-01-01,WYPCPI,38907,2026-09-29,2026-09-29,WY,income_per_capita
2006-01-01,WYPCPI,43805,2026-09-29,2026-09-29,WY,income_per_capita
2007-01-01,WYPCPI,45634,2026-09-29,2026-09-29,WY,income_per_capita
2008-01-01,WYPCPI,49451,2026-09-29,2026-09-29,WY,income_per_capita
2009-01-01,WYPCPI,44499,2026-09-29,2026-09-29,WY,income_per_capita
2010-01-01,WYPCPI,46395,2026-09-29,2026-09-29,WY,income_per_capita
2011-01-01,WYPCPI,50631,2026-09-29,2026-09-29,WY,income_per_capita
2012-01-01,WYPCPI,53597,2026-09-29,2026-09-29,WY,income_per_capita
2013-01-01,WYPCPI,52835,2026-09-29,2026-09-29,WY,income_per_capita
2014-01-01,WYPCPI,56251,2026-09-29,2026-09-29,WY,income_per_capita
2015-01-01,WYPCPI,56120,2026-09-29,2026-09-29,WY,income_per_capita
2016-01-01,WYPCPI,53419,2026-09-29,2026-09-29,WY,income_per_capita
2017-01-01,WYPCPI,56378,2026-09-29,2026-09-29,WY,income_per_capita
2018-01-01,WYPCPI,59197,2026-09-29,2026-09-29,WY,income_per_capita
2019-01-01,WYPCPI,61853,2026-09-29,2026-09-29,WY,income_per_capita
2020-01-01,WYPCPI,65094,2026-09-29,2026-09-29,WY,income_per_capita
2021-01-01,WYPCPI,71456,2026-09-29,2026-09-29,WY,income_per_capita
2022-01-01,WYPCPI,77800,2026-09-29,2026-09-29,WY,income_per_capita
2023-01-01,WYPCPI,83095,2026-09-29,2026-09-29,WY,income_per_capita
2024-01-01,WYPCPI,86609,2026-09-29,2026-09-29,WY,income_per_capita
2025-01-01,WYPCPI,89806,2026-09-29,2026-09-29,WY,income_per_capita
